name,level,value,computedValue,fallback,feedbackValue,deprecatedComment,value.font-family,value.font-weight,value.line-height,value.font-size,value.letter-spacing,computedValue.font-family,computedValue.font-weight,computedValue.line-height,computedValue.font-size,computedValue.letter-spacing
base.opacity.100,base,{base.opacity.80},8,,,Use {base.opacity.80} instead,,,,,,,,,,
base.opacity.250,base,{base.opacity.200},20,,,Use {base.opacity.200} instead,,,,,,,,,,
base.opacity.300,base,{base.opacity.400},40,,,Use {base.opacity.400} instead,,,,,,,,,,
base.opacity.500,base,{base.opacity.840},84,,,Use {base.opacity.840} instead,,,,,,,,,,
base.palette.cinnamon.100,base,#ffefee,#ffefee,{base.palette.red.50},oklch(0.9533 0.0231 23.95 / 1),replace cinnamon100 with {base.palette.red.50}. Prefer to replace with `sys.color.bg.critical.softer` if used as a background color.,,,,,,,,,,
base.palette.cinnamon.200,base,#FCC9C5,#FCC9C5,{base.palette.red.100},oklch(0.9225 0.0394 25.51 / 1),replace cinnamon200 with {base.palette.red.100}. Prefer to replace with `sys.color.bg.critical.soft` if used as a background color.,,,,,,,,,,
base.palette.cinnamon.300,base,#ff867d,#ff867d,{base.palette.red.300},oklch(0.7533 0.1484 28.45 / 1),replace cinnamon300 with {base.palette.red.300},,,,,,,,,,
base.palette.cinnamon.400,base,#ff5347,#ff5347,{base.palette.red.400},oklch(0.6857 0.2037 29.76 / 1),replace cinnamon400 with {base.palette.red.400}. Prefer to replace with `sys.color.fg.critical.soft` if used as a foreground (text/icon) color.,,,,,,,,,,
base.palette.cinnamon.500,base,#de2e21,#de2e21,{base.palette.red.600},oklch(0.5342 0.2172 29.53 / 1),"replace cinnamon500 with {base.palette.red.600}. Prefer to replace with `sys.color.bg.critical.default` if used as a background color, or `sys.color.fg.critical.default` if used as a foreground (text/icon) color, or `sys.color.border.critical.default` if used as a border color.",,,,,,,,,,
base.palette.cinnamon.600,base,#a31b12,#a31b12,{base.palette.red.700},oklch(0.4517 0.1847 28.2 / 1),"replace cinnamon600 with {base.palette.red.700}. Prefer to replace with `sys.color.bg.critical.strong` if used as a background color, or `sys.color.fg.critical.strong` if used as a foreground (text/icon) color.",,,,,,,,,,
base.palette.peach.100,base,#fff3f0,#fff3f0,{base.palette.coral.50},oklch(0.9659 0.0171 35.14 / 1),replace peach100 with {base.palette.coral.50},,,,,,,,,,
base.palette.peach.200,base,#ffc2b3,#ffc2b3,{base.palette.coral.200},oklch(0.8476 0.0856 37.59 / 1),replace peach200 with {base.palette.coral.200},,,,,,,,,,
base.palette.peach.300,base,#ff957a,#ff957a,{base.palette.coral.300},oklch(0.7671 0.1418 38.37 / 1),replace peach300 with {base.palette.coral.300},,,,,,,,,,
base.palette.peach.400,base,#ff643d,#ff643d,{base.palette.red.400},oklch(0.6857 0.2037 29.76 / 1),replace peach400 with {base.palette.red.400},,,,,,,,,,
base.palette.peach.500,base,#de4721,#de4721,{base.palette.coral.600},oklch(0.5394 0.1828 36.43 / 1),replace peach500 with {base.palette.coral.600},,,,,,,,,,
base.palette.peach.600,base,#b53413,#b53413,{base.palette.coral.700},oklch(0.4616 0.1629 34.74 / 1),replace peach600 with {base.palette.coral.700},,,,,,,,,,
base.palette.chili-mango.100,base,#ffe6d9,#ffe6d9,{base.palette.coral.100},oklch(0.9344 0.0339 35.8 / 1),replace chili-mango100 with {base.palette.coral.100},,,,,,,,,,
base.palette.chili-mango.200,base,#ffc7ab,#ffc7ab,{base.palette.coral.200},oklch(0.8476 0.0856 37.59 / 1),replace chili-mango200 with {base.palette.coral.200},,,,,,,,,,
base.palette.chili-mango.300,base,#ff9b69,#ff9b69,{base.palette.coral.300},oklch(0.7671 0.1418 38.37 / 1),replace chili-mango300 with {base.palette.coral.300},,,,,,,,,,
base.palette.chili-mango.400,base,#ff671b,#ff671b,{base.palette.orange.500},oklch(0.6617 0.1893 44.93 / 1),replace chili-mango400 with {base.palette.orange.500},,,,,,,,,,
base.palette.chili-mango.500,base,#e04b00,#e04b00,{base.palette.orange.500},oklch(0.6617 0.1893 44.93 / 1),replace chili-mango500 with {base.palette.orange.500},,,,,,,,,,
base.palette.chili-mango.600,base,#a33600,#a33600,{base.palette.orange.700},oklch(0.4689 0.1456 40.5 / 1),replace chili-mango600 with {base.palette.orange.700},,,,,,,,,,
base.palette.cantaloupe.100,base,#ffeed9,#ffeed9,{base.palette.amber.50},oklch(0.969 0.0619 101.63 / 1),replace cantaloupe100 with {base.palette.amber.50}. Prefer to replace with `sys.color.bg.caution.softer` if used as a background color.,,,,,,,,,,
base.palette.cantaloupe.200,base,#fcd49f,#fcd49f,{base.palette.amber.200},oklch(0.9191 0.1547 99.7 / 1),replace cantaloupe200 with {base.palette.amber.200}. Prefer to replace with `sys.color.fg.caution.softer` if used as a foreground (text/icon) color.,,,,,,,,,,
base.palette.cantaloupe.300,base,#ffbc63,#ffbc63,{base.palette.amber.300},oklch(0.8432 0.1713 85.24 / 1),replace cantaloupe300 with {base.palette.amber.300}. Prefer to replace with `sys.color.bg.caution.soft` if used as a background color.,,,,,,,,,,
base.palette.cantaloupe.400,base,#ffa126,#ffa126,{base.palette.amber.400},oklch(0.7909 0.1711 70.15 / 1),"replace cantaloupe400 with {base.palette.amber.400}. Prefer to replace with `sys.color.bg.caution.default` if used as a background color, or `sys.color.border.caution.default` if used as a border color.",,,,,,,,,,
base.palette.cantaloupe.500,base,#f38b00,#f38b00,{base.palette.amber.500},oklch(0.6601 0.1537 60.7 / 1),replace cantaloupe500 with {base.palette.amber.500}. Prefer to replace with `sys.color.bg.caution.strong` if used as a background color.,,,,,,,,,,
base.palette.cantaloupe.600,base,#c06c00,#c06c00,{base.palette.amber.600},oklch(0.5505 0.1439 50.78 / 1),"replace cantaloupe600 with {base.palette.amber.600}. Prefer to replace with `sys.color.bg.caution.stronger` if used as a background color, or with `sys.color.border.caution.strong` if used as a border color.",,,,,,,,,,
base.palette.sour-lemon.100,base,#fff9e6,#fff9e6,{base.palette.amber.25},oklch(0.9779 0.0214 95.33 / 1),replace sour-lemon100 with {base.palette.amber.25},,,,,,,,,,
base.palette.sour-lemon.200,base,#ffecab,#ffecab,{base.palette.amber.100},oklch(0.9567 0.0948 100.22 / 1),replace sour-lemon200 with {base.palette.amber.100},,,,,,,,,,
base.palette.sour-lemon.300,base,#ffda61,#ffda61,{base.palette.amber.200},oklch(0.9191 0.1547 99.7 / 1),replace sour-lemon300 with {base.palette.amber.200},,,,,,,,,,
base.palette.sour-lemon.400,base,#ffc629,#ffc629,{base.palette.amber.300},oklch(0.8432 0.1713 85.24 / 1),replace sour-lemon400 with {base.palette.amber.300},,,,,,,,,,
base.palette.sour-lemon.500,base,#ebb400,#ebb400,{base.palette.amber.300},oklch(0.8432 0.1713 85.24 / 1),replace sour-lemon500 with {base.palette.amber.300},,,,,,,,,,
base.palette.sour-lemon.600,base,#bd9100,#bd9100,{base.palette.amber.500},oklch(0.6601 0.1537 60.7 / 1),replace sour-lemon600 with {base.palette.amber.500},,,,,,,,,,
base.palette.juicy-pear.100,base,#f7fae6,#f7fae6,{base.palette.amber.25},oklch(0.9779 0.0214 95.33 / 1),replace juicy-pear100 with {base.palette.amber.25},,,,,,,,,,
base.palette.juicy-pear.200,base,#e2f391,#e2f391,{base.palette.amber.100},oklch(0.9567 0.0948 100.22 / 1),replace juicy-pear200 with {base.palette.amber.100},,,,,,,,,,
base.palette.juicy-pear.300,base,#c4de40,#c4de40,{base.palette.amber.200},oklch(0.9191 0.1547 99.7 / 1),replace juicy-pear300 with {base.palette.amber.200},,,,,,,,,,
base.palette.juicy-pear.400,base,#a8c224,#a8c224,{base.palette.amber.200},oklch(0.9191 0.1547 99.7 / 1),replace juicy-pear400 with {base.palette.amber.200},,,,,,,,,,
base.palette.juicy-pear.500,base,#8ea618,#8ea618,{base.palette.green.500},oklch(0.6362 0.1974 145.47 / 1),replace juicy-pear500 with {base.palette.green.500},,,,,,,,,,
base.palette.juicy-pear.600,base,#687818,#687818,{base.palette.green.700},oklch(0.4463 0.1422 144.58 / 1),replace juicy-pear600 with {base.palette.green.700},,,,,,,,,,
base.palette.kiwi.100,base,#ecfcd7,#ecfcd7,{base.palette.green.50},oklch(0.9655 0.0561 149.93 / 1),replace kiwi100 with {base.palette.green.50},,,,,,,,,,
base.palette.kiwi.200,base,#caf593,#caf593,{base.palette.green.100},oklch(0.9278 0.1024 149.88 / 1),replace kiwi200 with {base.palette.green.100},,,,,,,,,,
base.palette.kiwi.300,base,#a7e05c,#a7e05c,{base.palette.green.200},oklch(0.8506 0.1804 149.93 / 1),replace kiwi300 with {base.palette.green.200},,,,,,,,,,
base.palette.kiwi.400,base,#77bc1f,#77bc1f,{base.palette.green.500},oklch(0.6362 0.1974 145.47 / 1),replace kiwi400 with {base.palette.green.500},,,,,,,,,,
base.palette.kiwi.500,base,#609915,#609915,{base.palette.green.500},oklch(0.6362 0.1974 145.47 / 1),replace kiwi500 with {base.palette.green.500},,,,,,,,,,
base.palette.kiwi.600,base,#537824,#537824,{base.palette.green.700},oklch(0.4463 0.1422 144.58 / 1),replace kiwi600 with {base.palette.green.700},,,,,,,,,,
base.palette.green-apple.100,base,#ebfff0,#ebfff0,{base.palette.green.50},oklch(0.9655 0.0561 149.93 / 1),replace green-apple100 with {base.palette.green.50}. Prefer to replace with `sys.color.bg.positive.softer` if used as a background color.,,,,,,,,,,
base.palette.green-apple.200,base,#acf5be,#acf5be,{base.palette.green.100},oklch(0.9278 0.1024 149.88 / 1),replace green-apple200 with {base.palette.green.100}. Prefer to replace with `sys.color.bg.positive.soft` if used as a background color.,,,,,,,,,,
base.palette.green-apple.300,base,#5fe380,#5fe380,{base.palette.green.200},oklch(0.8506 0.1804 149.93 / 1),replace green-apple300 with {base.palette.green.200}. Prefer to replace with `sys.color.fg.positive.soft` if used as a foreground (text/icon) color.,,,,,,,,,,
base.palette.green-apple.400,base,#43c463,#43c463,{base.palette.green.600},oklch(0.5069 0.1569 145.56 / 1),"replace green-apple400 with {base.palette.green.600}. Prefer to replace with `sys.color.bg.positive.default` if used as a background color, or `sys.color.fg.positive.default` if used as a foreground (text/icon) color.",,,,,,,,,,
base.palette.green-apple.500,base,#319c4c,#319c4c,{base.palette.green.700},oklch(0.4463 0.1422 144.58 / 1),"replace green-apple500 with {base.palette.green.700}. Prefer to replace with `sys.color.bg.positive.strong` if used as a background color, or `sys.color.fg.positive.strong` if used as a foreground (text/icon) color.",,,,,,,,,,
base.palette.green-apple.600,base,#217a37,#217a37,{base.palette.green.800},oklch(0.3955 0.1156 147.66 / 1),"replace green-apple600 with {base.palette.green.800}. Prefer to replace with `sys.color.bg.positive.stronger` if used as a background color, or `sys.color.text.positive.stronger` if used as a text color.",,,,,,,,,,
base.palette.watermelon.100,base,#ebfdf8,#ebfdf8,{base.palette.teal.25},oklch(0.9827 0.021 200.66 / 1),replace watermelon100 with {base.palette.teal.25},,,,,,,,,,
base.palette.watermelon.200,base,#b7edde,#b7edde,{base.palette.teal.100},oklch(0.935 0.046 205.09 / 1),replace watermelon200 with {base.palette.teal.100},,,,,,,,,,
base.palette.watermelon.300,base,#65ccaf,#65ccaf,{base.palette.green.100},oklch(0.9278 0.1024 149.88 / 1),replace watermelon300 with {base.palette.green.100},,,,,,,,,,
base.palette.watermelon.400,base,#12a67c,#12a67c,{base.palette.green.600},oklch(0.5069 0.1569 145.56 / 1),replace watermelon400 with {base.palette.green.600},,,,,,,,,,
base.palette.watermelon.500,base,#0c7a5b,#0c7a5b,{base.palette.green.800},oklch(0.3955 0.1156 147.66 / 1),replace watermelon500 with {base.palette.green.800},,,,,,,,,,
base.palette.watermelon.600,base,#00573e,#00573e,{base.palette.green.800},oklch(0.3955 0.1156 147.66 / 1),replace watermelon600 with {base.palette.green.800},,,,,,,,,,
base.palette.jewel.100,base,#ebfdff,#ebfdff,{base.palette.teal.25},oklch(0.9827 0.021 200.66 / 1),replace jewel100 with {base.palette.teal.25},,,,,,,,,,
base.palette.jewel.200,base,#acecf3,#acecf3,{base.palette.teal.200},oklch(0.8766 0.0677 204.24 / 1),replace jewel200 with {base.palette.teal.200},,,,,,,,,,
base.palette.jewel.300,base,#44c8d7,#44c8d7,{base.palette.teal.400},oklch(0.7154 0.1006 206.05 / 1),replace jewel300 with {base.palette.teal.400},,,,,,,,,,
base.palette.jewel.400,base,#1ea4b3,#1ea4b3,{base.palette.teal.500},oklch(0.6385 0.1093 205.92 / 1),replace jewel400 with {base.palette.teal.500},,,,,,,,,,
base.palette.jewel.500,base,#1a818c,#1a818c,{base.palette.teal.600},oklch(0.5141 0.0882 207.28 / 1),replace jewel500 with {base.palette.teal.600},,,,,,,,,,
base.palette.jewel.600,base,#156973,#156973,{base.palette.teal.700},oklch(0.4634 0.0796 207.82 / 1),replace jewel600 with {base.palette.teal.700},,,,,,,,,,
base.palette.toothpaste.100,base,#d7f1fc,#d7f1fc,{base.palette.azure.50},oklch(0.9549 0.0295 223.86 / 1),replace toothpaste100 with {base.palette.azure.50},,,,,,,,,,
base.palette.toothpaste.200,base,#99e0ff,#99e0ff,{base.palette.azure.200},oklch(0.8594 0.0867 230.07 / 1),replace toothpaste200 with {base.palette.azure.200},,,,,,,,,,
base.palette.toothpaste.300,base,#40b4e5,#40b4e5,{base.palette.azure.300},oklch(0.7991 0.107 239.24 / 1),replace toothpaste300 with {base.palette.azure.300},,,,,,,,,,
base.palette.toothpaste.400,base,#1894c9,#1894c9,{base.palette.azure.500},oklch(0.6555 0.1553 244.48 / 1),replace toothpaste400 with {base.palette.azure.500},,,,,,,,,,
base.palette.toothpaste.500,base,#0271a1,#0271a1,{base.palette.azure.700},oklch(0.4618 0.1098 242.11 / 1),replace toothpaste500 with {base.palette.azure.700},,,,,,,,,,
base.palette.toothpaste.600,base,#005B82,#005B82,{base.palette.azure.800},oklch(0.3912 0.0855 237.05 / 1),replace toothpaste600 with {base.palette.azure.800},,,,,,,,,,
base.palette.blueberry.100,base,#D7EAFC,#D7EAFC,{base.palette.blue.100},oklch(0.928 0.0359 250.6 / 1),replace blueberry100 with {base.palette.blue.100},,,,,,,,,,
base.palette.blueberry.200,base,#A6D2FF,#A6D2FF,{base.palette.blue.100},oklch(0.928 0.0359 250.6 / 1),replace blueberry200 with {base.palette.blue.100}. Prefer to replace with `sys.color.bg.primary.soft` if used as a background color.,,,,,,,,,,
base.palette.blueberry.300,base,#40A0FF,#40A0FF,{base.palette.blue.400},oklch(0.708 0.1549 255.41 / 1),"replace blueberry300 with {base.palette.blue.400}. Prefer to replace with `sys.color.bg.primary.default` if used as a background color, or `sys.color.fg.primary.soft` if used as a foreground (text/icon) color.",,,,,,,,,,
base.palette.blueberry.400,base,#0875E1,#0875E1,{base.palette.blue.600},oklch(0.5198 0.1782 256.11 / 1),"replace blueberry400 with {base.palette.blue.600}. Prefer to replace with `sys.color.bg.primary.default` if used as a background color, or `sys.color.fg.primary.default` if used as a foreground (text/icon) color, or `sys.color.border.primary.default` if used as a border color.",,,,,,,,,,
base.palette.blueberry.500,base,#005cb9,#005cb9,{base.palette.blue.700},oklch(0.4658 0.1562 255.5 / 1),"replace blueberry500 with {base.palette.blue.700}. Prefer to replace with `sys.color.bg.primary.strong` if used as a background color, or `sys.color.fg.primary.strong` if used as a foreground (text/icon) color.",,,,,,,,,,
base.palette.blueberry.600,base,#004387,#004387,{base.palette.blue.800},oklch(0.3908 0.128 256 / 1),"replace blueberry600 with {base.palette.blue.800}. Prefer to replace with `sys.color.bg.primary.stronger` if used as a background color, or `sys.color.text.primary.stronger` if used as a text color.",,,,,,,,,,
base.palette.plum.100,base,#e6f1ff,#e6f1ff,{base.palette.blue.100},oklch(0.928 0.0359 250.6 / 1),replace plum100 with {base.palette.blue.100},,,,,,,,,,
base.palette.plum.200,base,#A6CDFF,#A6CDFF,{base.palette.blue.200},oklch(0.8627 0.0701 250.6 / 1),replace plum200 with {base.palette.blue.200},,,,,,,,,,
base.palette.plum.300,base,#529bfa,#529bfa,{base.palette.blue.400},oklch(0.708 0.1549 255.41 / 1),replace plum300 with {base.palette.blue.400},,,,,,,,,,
base.palette.plum.400,base,#3881E1,#3881E1,{base.palette.blue.600},oklch(0.5198 0.1782 256.11 / 1),replace plum400 with {base.palette.blue.600},,,,,,,,,,
base.palette.plum.500,base,#3166ab,#3166ab,{base.palette.blue.700},oklch(0.4658 0.1562 255.5 / 1),replace plum500 with {base.palette.blue.700},,,,,,,,,,
base.palette.plum.600,base,#264a7a,#264a7a,{base.palette.blue.800},oklch(0.3908 0.128 256 / 1),replace plum600 with {base.palette.blue.800},,,,,,,,,,
base.palette.berry-smoothie.100,base,#e8edff,#e8edff,{base.palette.indigo.50},oklch(0.9499 0.0243 280.81 / 1),replace berry-smoothie100 with {base.palette.indigo.50},,,,,,,,,,
base.palette.berry-smoothie.200,base,#c2cfff,#c2cfff,{base.palette.indigo.200},oklch(0.8503 0.0754 280.52 / 1),replace berry-smoothie200 with {base.palette.indigo.200},,,,,,,,,,
base.palette.berry-smoothie.300,base,#7891FF,#7891FF,{base.palette.indigo.400},oklch(0.712 0.1531 280.1 / 1),replace berry-smoothie300 with {base.palette.indigo.400},,,,,,,,,,
base.palette.berry-smoothie.400,base,#5E77E6,#5E77E6,{base.palette.blue.500},oklch(0.6023 0.2032 255.68 / 1),replace berry-smoothie400 with {base.palette.blue.500},,,,,,,,,,
base.palette.berry-smoothie.500,base,#4b5eb3,#4b5eb3,{base.palette.blue.700},oklch(0.4658 0.1562 255.5 / 1),replace berry-smoothie500 with {base.palette.blue.700},,,,,,,,,,
base.palette.berry-smoothie.600,base,#3b4987,#3b4987,{base.palette.blue.800},oklch(0.3908 0.128 256 / 1),replace berry-smoothie600 with {base.palette.blue.800},,,,,,,,,,
base.palette.blackberry.100,base,#f0f0ff,#f0f0ff,{base.palette.indigo.25},oklch(0.9703 0.0147 286 / 1),replace blackberry100 with {base.palette.indigo.25},,,,,,,,,,
base.palette.blackberry.200,base,#c3c2ff,#c3c2ff,{base.palette.indigo.200},oklch(0.8503 0.0754 280.52 / 1),replace blackberry200 with {base.palette.indigo.200},,,,,,,,,,
base.palette.blackberry.300,base,#8483e6,#8483e6,{base.palette.indigo.400},oklch(0.712 0.1531 280.1 / 1),replace blackberry300 with {base.palette.indigo.400},,,,,,,,,,
base.palette.blackberry.400,base,#5c59e6,#5c59e6,{base.palette.indigo.500},oklch(0.615 0.2131 280.7 / 1),replace blackberry400 with {base.palette.indigo.500},,,,,,,,,,
base.palette.blackberry.500,base,#413fcc,#413fcc,{base.palette.indigo.700},oklch(0.466 0.1961 280.9 / 1),replace blackberry500 with {base.palette.indigo.700},,,,,,,,,,
base.palette.blackberry.600,base,#2e2d91,#2e2d91,{base.palette.indigo.900},oklch(0.317 0.142 278.2 / 1),replace blackberry600 with {base.palette.indigo.900},,,,,,,,,,
base.palette.island-punch.100,base,#f5f0ff,#f5f0ff,{base.palette.purple.25},oklch(0.9776 0.0147 312 / 1),replace island-punch100 with {base.palette.purple.25},,,,,,,,,,
base.palette.island-punch.200,base,#d2befa,#d2befa,{base.palette.purple.200},oklch(0.8701 0.0965 316.6 / 1),replace island-punch200 with {base.palette.purple.200},,,,,,,,,,
base.palette.island-punch.300,base,#a88ae6,#a88ae6,{base.palette.purple.500},oklch(0.628 0.1681 312.69 / 1),replace island-punch300 with {base.palette.purple.500},,,,,,,,,,
base.palette.island-punch.400,base,#8660d1,#8660d1,{base.palette.purple.500},oklch(0.628 0.1681 312.69 / 1),replace island-punch400 with {base.palette.purple.500},,,,,,,,,,
base.palette.island-punch.500,base,#6345a1,#6345a1,{base.palette.purple.700},oklch(0.476 0.156 313.2 / 1),replace island-punch500 with {base.palette.purple.700},,,,,,,,,,
base.palette.island-punch.600,base,#503882,#503882,{base.palette.purple.800},oklch(0.422 0.136 315.49 / 1),replace island-punch600 with {base.palette.purple.800},,,,,,,,,,
base.palette.grape-soda.100,base,#feebff,#feebff,{base.palette.magenta.50},oklch(0.9637 0.0322 325.69 / 1),replace grape-soda100 with {base.palette.magenta.50},,,,,,,,,,
base.palette.grape-soda.200,base,#fac0ff,#fac0ff,{base.palette.magenta.200},oklch(0.887 0.1029 327.44 / 1),replace grape-soda200 with {base.palette.magenta.200},,,,,,,,,,
base.palette.grape-soda.300,base,#de8ae6,#de8ae6,{base.palette.purple.400},oklch(0.734 0.1621 315.88 / 1),replace grape-soda300 with {base.palette.purple.400},,,,,,,,,,
base.palette.grape-soda.400,base,#c860d1,#c860d1,{base.palette.purple.500},oklch(0.628 0.1681 312.69 / 1),replace grape-soda400 with {base.palette.purple.500},,,,,,,,,,
base.palette.grape-soda.500,base,#97499e,#97499e,{base.palette.purple.600},oklch(0.5177 0.162 313.92 / 1),replace grape-soda500 with {base.palette.purple.600},,,,,,,,,,
base.palette.grape-soda.600,base,#7C3882,#7C3882,{base.palette.purple.800},oklch(0.422 0.136 315.49 / 1),replace grape-soda600 with {base.palette.purple.800},,,,,,,,,,
base.palette.pomegranate.100,base,#ffebf3,#ffebf3,{base.palette.magenta.50},oklch(0.9637 0.0322 325.69 / 1),replace pomegranate100 with {base.palette.magenta.50},,,,,,,,,,
base.palette.pomegranate.200,base,#ffbdd6,#ffbdd6,{base.palette.magenta.100},oklch(0.9253 0.0627 329.34 / 1),replace pomegranate200 with {base.palette.magenta.100},,,,,,,,,,
base.palette.pomegranate.300,base,#ff5c9a,#ff5c9a,{base.palette.magenta.500},oklch(0.6557 0.2007 346.62 / 1),replace pomegranate300 with {base.palette.magenta.500},,,,,,,,,,
base.palette.pomegranate.400,base,#f31167,#f31167,{base.palette.magenta.500},oklch(0.6557 0.2007 346.62 / 1),replace pomegranate400 with {base.palette.magenta.500},,,,,,,,,,
base.palette.pomegranate.500,base,#c70550,#c70550,{base.palette.red.700},oklch(0.4517 0.1847 28.2 / 1),replace pomegranate500 with {base.palette.red.700},,,,,,,,,,
base.palette.pomegranate.600,base,#99003a,#99003a,{base.palette.red.800},oklch(0.3712 0.1509 26.08 / 1),replace pomegranate600 with {base.palette.red.800},,,,,,,,,,
base.palette.fruit-punch.100,base,#FFEEEE,#FFEEEE,{base.palette.red.25},oklch(0.9667 0.0163 21.82 / 1),replace fruit-punch100 with {base.palette.red.25},,,,,,,,,,
base.palette.fruit-punch.200,base,#ffbdbd,#ffbdbd,{base.palette.red.200},oklch(0.8339 0.092 28.19 / 1),replace fruit-punch200 with {base.palette.red.200},,,,,,,,,,
base.palette.fruit-punch.300,base,#FF7E7E,#FF7E7E,{base.palette.red.300},oklch(0.7533 0.1484 28.45 / 1),replace fruit-punch300 with {base.palette.red.300},,,,,,,,,,
base.palette.fruit-punch.400,base,#ff4c4c,#ff4c4c,{base.palette.red.400},oklch(0.6857 0.2037 29.76 / 1),replace fruit-punch400 with {base.palette.red.400},,,,,,,,,,
base.palette.fruit-punch.500,base,#e12f2f,#e12f2f,{base.palette.red.400},oklch(0.6857 0.2037 29.76 / 1),replace fruit-punch500 with {base.palette.red.400},,,,,,,,,,
base.palette.fruit-punch.600,base,#b82828,#b82828,{base.palette.red.700},oklch(0.4517 0.1847 28.2 / 1),replace fruit-punch600 with {base.palette.red.700},,,,,,,,,,
base.palette.root-beer.100,base,#faf3f0,#faf3f0,{base.palette.coral.25},oklch(0.9837 0.0085 44.54 / 1),replace root-beer100 with {base.palette.coral.25},,,,,,,,,,
base.palette.root-beer.200,base,#EBD7CF,#EBD7CF,{base.palette.coral.100},oklch(0.9344 0.0339 35.8 / 1),replace root-beer200 with {base.palette.coral.100},,,,,,,,,,
base.palette.root-beer.300,base,#dcbbad,#dcbbad,{base.palette.coral.200},oklch(0.8476 0.0856 37.59 / 1),replace root-beer300 with {base.palette.coral.200},,,,,,,,,,
base.palette.root-beer.400,base,#ba9a8c,#ba9a8c,{base.palette.coral.200},oklch(0.8476 0.0856 37.59 / 1),replace root-beer400 with {base.palette.coral.200},,,,,,,,,,
base.palette.root-beer.500,base,#8C7266,#8C7266,{base.palette.amber.900},oklch(0.32 0.098 41.19 / 1),replace root-beer500 with {base.palette.amber.900},,,,,,,,,,
base.palette.root-beer.600,base,#664d42,#664d42,{base.palette.amber.950},oklch(0.2489 0.0771 40.64 / 1),replace root-beer600 with {base.palette.amber.950},,,,,,,,,,
base.palette.toasted-marshmallow.100,base,#fdf6e6,#fdf6e6,{base.palette.amber.25},oklch(0.9779 0.0214 95.33 / 1),replace toasted-marshmallow100 with {base.palette.amber.25},,,,,,,,,,
base.palette.toasted-marshmallow.200,base,#ebd6a9,#ebd6a9,{base.palette.orange.100},oklch(0.9243 0.0542 67.95 / 1),replace toasted-marshmallow200 with {base.palette.orange.100},,,,,,,,,,
base.palette.toasted-marshmallow.300,base,#e6bf6c,#e6bf6c,{base.palette.orange.200},oklch(0.8606 0.1002 65.34 / 1),replace toasted-marshmallow300 with {base.palette.orange.200},,,,,,,,,,
base.palette.toasted-marshmallow.400,base,#CC9E3B,#CC9E3B,{base.palette.orange.300},oklch(0.7839 0.1608 63.57 / 1),replace toasted-marshmallow400 with {base.palette.orange.300},,,,,,,,,,
base.palette.toasted-marshmallow.500,base,#b37f10,#b37f10,{base.palette.amber.500},oklch(0.6601 0.1537 60.7 / 1),replace toasted-marshmallow500 with {base.palette.amber.500},,,,,,,,,,
base.palette.toasted-marshmallow.600,base,#8C6000,#8C6000,{base.palette.amber.600},oklch(0.5505 0.1439 50.78 / 1),replace toasted-marshmallow600 with {base.palette.amber.600},,,,,,,,,,
base.palette.licorice.100,base,#A1AAB3,#A1AAB3,{base.palette.slate.400},oklch(0.754 0.0181 256.33 / 1),"replace licorice100 with {base.palette.slate.400}. Prefer to replace with `sys.color.bg.muted.softer` if used as a background color, or `sys.color.fg.disabled` if used as a foreground (text/icon) color, or `sys.color.border.input.disabled` if used as a border color.",,,,,,,,,,
base.palette.licorice.200,base,#7b858f,#7b858f,{base.palette.slate.500},oklch(0.629 0.0281 255.62 / 1),"replace licorice200 with {base.palette.slate.500}. Prefer to replace with `sys.color.bg.muted.soft` if used as a background color, or `sys.color.fg.muted.soft` if used as a foreground (text/icon) color, or `sys.color.border.input.default` if used as a border color.",,,,,,,,,,
base.palette.licorice.300,base,#5E6A75,#5E6A75,{base.palette.slate.600},oklch(0.5103 0.0255 256.8 / 1),"replace licorice300 with {base.palette.slate.600}. Prefer to replace with `sys.color.bg.muted.default` if used as a background color, or `sys.color.fg.muted.default` if used as a foreground (text/icon) color, or `sys.color.text.hint` if used as a text hint color.",,,,,,,,,,
base.palette.licorice.400,base,#4a5561,#4a5561,{base.palette.slate.700},oklch(0.45 0.022 255.52 / 1),replace licorice400 with {base.palette.slate.700}. Prefer to replace with `sys.color.fg.muted.strong` if used as a foreground (text/icon) color.,,,,,,,,,,
base.palette.licorice.500,base,#333d47,#333d47,{base.palette.slate.800},oklch(0.3685 0.0218 256.4 / 1),"replace licorice500 with {base.palette.slate.800}. Prefer to replace with `sys.color.bg.muted.strong` if used as a background color, or `sys.color.fg.muted.stronger` if used as a foreground (text/icon) color, or `sys.color.border.input.strong` if used as a border color.",,,,,,,,,,
base.palette.licorice.600,base,#1f262e,#1f262e,{base.palette.slate.900},oklch(0.278 0.0156 252.4 / 1),replace licorice600 with {base.palette.slate.900},,,,,,,,,,
base.palette.soap.100,base,#f6f7f8,#f6f7f8,{base.palette.slate.25},oklch(0.9846 0.0018 248.57 / 1),replace soap100 with {base.palette.slate.25}. Prefer to replace with `sys.color.bg.alt.softer` if used as a background color.,,,,,,,,,,
base.palette.soap.200,base,#F0F1F2,#F0F1F2,{base.palette.slate.50},oklch(0.9692 0.0035 248.23 / 1),replace soap200 with {base.palette.slate.50}. Prefer to replace with `sys.color.bg.alt.soft` if used as a background color.,,,,,,,,,,
base.palette.soap.300,base,#e8ebed,#e8ebed,{base.palette.slate.100},oklch(0.9447 0.0053 248.12 / 1),"replace soap300 with {base.palette.slate.100}. Prefer to replace with `sys.color.bg.alt.default` if used as a background color, or `sys.color.border.input.inverse` if used as a border color.",,,,,,,,,,
base.palette.soap.400,base,#DFE2E6,#DFE2E6,{base.palette.slate.200},oklch(0.917 0.0081 254 / 1),"replace soap400 with {base.palette.slate.200}. Prefer to replace with `sys.color.bg.alt.strong` if used as a background color, or `sys.color.border.divider` if used as a border color.",,,,,,,,,,
base.palette.soap.500,base,#ced3d9,#ced3d9,{base.palette.slate.300},oklch(0.856 0.0111 256.85 / 1),"replace soap500 with {base.palette.slate.300}. Prefer to replace with `sys.color.bg.alt.stronger` if used as a background color, or `sys.color.border.container` if used as a border color.",,,,,,,,,,
base.palette.soap.600,base,#B9C0C7,#B9C0C7,{base.palette.slate.300},oklch(0.856 0.0111 256.85 / 1),replace soap600 with {base.palette.slate.300},,,,,,,,,,
base.palette.french-vanilla.100,base,#ffffff,#ffffff,{base.palette.neutral.0},oklch(1 0 0 / 1),"replace french-vanilla100 with {base.palette.neutral.0}. Prefer to replace with `sys.color.bg.default` if used as a background color, or `sys.color.fg.default` if used as a foreground (text/icon) color, or `sys.color.border.default` if used as a border color.",,,,,,,,,,
base.palette.french-vanilla.200,base,#ebebeb,#ebebeb,{base.palette.neutral.100},oklch(0.9431 0 0 / 1),replace french-vanilla200 with {base.palette.neutral.100},,,,,,,,,,
base.palette.french-vanilla.300,base,#d4d4d4,#d4d4d4,{base.palette.neutral.200},oklch(0.8699 0 0 / 1),replace french-vanilla300 with {base.palette.neutral.200},,,,,,,,,,
base.palette.french-vanilla.400,base,#bdbdbd,#bdbdbd,{base.palette.neutral.300},oklch(0.8015 0 0 / 1),replace french-vanilla400 with {base.palette.neutral.300},,,,,,,,,,
base.palette.french-vanilla.500,base,#a6a6a6,#a6a6a6,{base.palette.neutral.400},oklch(0.72 0 0 / 1),replace french-vanilla500 with {base.palette.neutral.400},,,,,,,,,,
base.palette.french-vanilla.600,base,#8f8f8f,#8f8f8f,{base.palette.neutral.500},oklch(0.6234 0 0 / 1),replace french-vanilla600 with {base.palette.neutral.500},,,,,,,,,,
base.palette.black-pepper.100,base,#787878,#787878,{base.palette.neutral.500},oklch(0.6234 0 0 / 1),replace black-pepper100 with {base.palette.neutral.500},,,,,,,,,,
base.palette.black-pepper.200,base,#616161,#616161,{base.palette.neutral.700},oklch(0.4494 0 0 / 1),replace black-pepper200 with {base.palette.neutral.700},,,,,,,,,,
base.palette.black-pepper.300,base,#494949,#494949,{base.palette.neutral.800},oklch(0.3523 0 0 / 1),replace black-pepper300 with {base.palette.neutral.800}. Prefer to replace with `sys.color.fg.default` if used as a foreground (text/icon) color.,,,,,,,,,,
base.palette.black-pepper.400,base,#333333,#333333,{base.palette.neutral.900},oklch(0.2891 0 0 / 1),"replace black-pepper400 with {base.palette.neutral.900}. Prefer to replace with `sys.color.bg.contrast.default` if used as a contrast background color, or `sys.color.fg.strong` if used as a foreground (text/icon) color, or `sys.color.border.contrast.default` if used as a border color.",,,,,,,,,,
base.palette.black-pepper.500,base,#1e1e1e,#1e1e1e,{base.palette.neutral.950},oklch(0.2308 0 0 / 1),"replace black-pepper500 with {base.palette.neutral.950}. Prefer to replace with `sys.color.bg.contrast.strong` if used as a contrast background color, or `sys.color.fg.stronger` if used as a foreground (text/icon) color, or `sys.color.border.contrast.strong` if used as a border color.",,,,,,,,,,
base.palette.black-pepper.600,base,#000000,#000000,{base.palette.neutral.1000},oklch(0 0 0 / 1),replace black-pepper600 with {base.palette.neutral.1000},,,,,,,,,,
base.palette.coconut.100,base,#F0EEEE,#F0EEEE,,,replace coconut100 with appropriate replacement color,,,,,,,,,,
base.palette.coconut.200,base,#e3dfdf,#e3dfdf,,,replace coconut200 with appropriate replacement color,,,,,,,,,,
base.palette.coconut.300,base,#d1cbcc,#d1cbcc,,,replace coconut300 with appropriate replacement color,,,,,,,,,,
base.palette.coconut.400,base,#b3acac,#b3acac,,,replace coconut400 with appropriate replacement color,,,,,,,,,,
base.palette.coconut.500,base,#9e9595,#9e9595,,,replace coconut500 with appropriate replacement color,,,,,,,,,,
base.palette.coconut.600,base,#8F8687,#8F8687,,,replace coconut600 with appropriate replacement color,,,,,,,,,,
base.palette.cappuccino.100,base,#7A7374,#7A7374,,,replace cappuccino100 with appropriate replacement color,,,,,,,,,,
base.palette.cappuccino.200,base,#706869,#706869,,,replace cappuccino200 with appropriate replacement color,,,,,,,,,,
base.palette.cappuccino.300,base,#5E5757,#5E5757,,,replace cappuccino300 with appropriate replacement color,,,,,,,,,,
base.palette.cappuccino.400,base,#4A4242,#4A4242,,,replace cappuccino400 with appropriate replacement color,,,,,,,,,,
base.palette.cappuccino.500,base,#352f2f,#352f2f,,,replace cappuccino500 with appropriate replacement color,,,,,,,,,,
base.palette.cappuccino.600,base,#231f20,#231f20,,,replace cappuccino600 with appropriate replacement color,,,,,,,,,,
base.unit,base,0.25rem,0.25rem,,,Use {base.baseline} instead for consistent sizing calculations,,,,,,,,,,
base.extended.palette.dragon-fruit.100,base,#fbf5ff,#fbf5ff,{base.palette.purple.25},oklch(0.9776 0.0147 312 / 1),"replace dragon-fruit100 with {base.palette.purple.25}. Prefer to replace it with ai system tokens: `sys.color.bg.ai.*`, `sys.color.border.ai` or `sys.color.text.ai`.",,,,,,,,,,
base.extended.palette.dragon-fruit.200,base,#f1d5ff,#f1d5ff,{base.palette.purple.100},oklch(0.909 0.0637 314.43 / 1),"replace dragon-fruit200 with {base.palette.purple.100}. Prefer to replace it with ai system tokens: `sys.color.bg.ai.*`, `sys.color.border.ai` or `sys.color.text.ai`.",,,,,,,,,,
base.extended.palette.dragon-fruit.300,base,#736bff,#736bff,{base.palette.indigo.500},oklch(0.615 0.2131 280.7 / 1),"replace dragon-fruit300 with {base.palette.indigo.500}. Prefer to replace it with ai system tokens: `sys.color.bg.ai.*`, `sys.color.border.ai` or `sys.color.text.ai`.",,,,,,,,,,
base.extended.palette.dragon-fruit.400,base,#5f4ae6,#5f4ae6,{base.palette.indigo.600},oklch(0.5289 0.2241 281.65 / 1),"replace dragon-fruit400 with {base.palette.indigo.600}. Prefer to replace it with ai system tokens: `sys.color.bg.ai.*`, `sys.color.border.ai` or `sys.color.text.ai`.",,,,,,,,,,
base.extended.palette.dragon-fruit.500,base,#4e3ec2,#4e3ec2,{base.palette.indigo.700},oklch(0.466 0.1961 280.9 / 1),"replace dragon-fruit500 with {base.palette.indigo.700}. Prefer to replace it with ai system tokens: `sys.color.bg.ai.*`, `sys.color.border.ai` or `sys.color.text.ai`.",,,,,,,,,,
base.extended.palette.dragon-fruit.600,base,#272077,#272077,{base.palette.indigo.900},oklch(0.317 0.142 278.2 / 1),"replace dragon-fruit600 with {base.palette.indigo.900}. Prefer to replace it with ai system tokens: `sys.color.bg.ai.*`, `sys.color.border.ai` or `sys.color.text.ai`.",,,,,,,,,,
base.level,base,2,2,,,Use explicit size tokens instead of calculated type ramp values,,,,,,,,,,
base.font-size.25,base,0.625rem,0.625rem,,,Use system instead,,,,,,,,,,
base.font-size.50,base,{base.font-size.25} + {base.typescale.size.default},0.625rem + 0.125rem,,,Use system instead,,,,,,,,,,
base.font-size.75,base,{base.font-size.50} + {base.typescale.size.default},0.625rem + 0.125rem + 0.125rem,,,Use system instead,,,,,,,,,,
base.font-size.100,base,{base.font-size.75} + {base.typescale.size.default},0.625rem + 0.125rem + 0.125rem + 0.125rem,,,Use system instead,,,,,,,,,,
base.font-size.125,base,{base.font-size.100} + {base.typescale.size.default},0.625rem + 0.125rem + 0.125rem + 0.125rem + 0.125rem,,,Use system instead,,,,,,,,,,
base.font-size.150,base,{base.font-size.125} + {base.typescale.size.default},0.625rem + 0.125rem + 0.125rem + 0.125rem + 0.125rem + 0.125rem,,,Use system instead,,,,,,,,,,
base.font-size.200,base,{base.font-size.150} + {base.typescale.size.heading},0.625rem + 0.125rem + 0.125rem + 0.125rem + 0.125rem + 0.125rem + 0.125rem * 2,,,Use system instead,,,,,,,,,,
base.font-size.250,base,{base.font-size.200} + {base.typescale.size.heading},0.625rem + 0.125rem + 0.125rem + 0.125rem + 0.125rem + 0.125rem + 0.125rem * 2 + 0.125rem * 2,,,Use system instead,,,,,,,,,,
base.font-size.300,base,{base.font-size.250} + {base.typescale.size.heading},0.625rem + 0.125rem + 0.125rem + 0.125rem + 0.125rem + 0.125rem + 0.125rem * 2 + 0.125rem * 2 + 0.125rem * 2,,,Use system instead,,,,,,,,,,
base.font-size.400,base,{base.font-size.300} + {base.typescale.size.title},0.625rem + 0.125rem + 0.125rem + 0.125rem + 0.125rem + 0.125rem + 0.125rem * 2 + 0.125rem * 2 + 0.125rem * 2 + 0.125rem * 2 * 2,,,Use system instead,,,,,,,,,,
base.font-size.500,base,{base.font-size.400} + {base.typescale.size.title},0.625rem + 0.125rem + 0.125rem + 0.125rem + 0.125rem + 0.125rem + 0.125rem * 2 + 0.125rem * 2 + 0.125rem * 2 + 0.125rem * 2 * 2 + 0.125rem * 2 * 2,,,Use system instead,,,,,,,,,,
base.font-size.600,base,{base.font-size.500} + {base.typescale.size.title},0.625rem + 0.125rem + 0.125rem + 0.125rem + 0.125rem + 0.125rem + 0.125rem * 2 + 0.125rem * 2 + 0.125rem * 2 + 0.125rem * 2 * 2 + 0.125rem * 2 * 2 + 0.125rem * 2 * 2,,,Use system instead,,,,,,,,,,
base.font-size.750,base,{base.font-size.600} + {base.typescale.size.display},0.625rem + 0.125rem + 0.125rem + 0.125rem + 0.125rem + 0.125rem + 0.125rem * 2 + 0.125rem * 2 + 0.125rem * 2 + 0.125rem * 2 * 2 + 0.125rem * 2 * 2 + 0.125rem * 2 * 2 + 0.125rem * 2 * 2 * 2,,,Use system instead,,,,,,,,,,
base.font-size.900,base,{base.font-size.750} + {base.typescale.size.display},0.625rem + 0.125rem + 0.125rem + 0.125rem + 0.125rem + 0.125rem + 0.125rem * 2 + 0.125rem * 2 + 0.125rem * 2 + 0.125rem * 2 * 2 + 0.125rem * 2 * 2 + 0.125rem * 2 * 2 + 0.125rem * 2 * 2 * 2 + 0.125rem * 2 * 2 * 2,,,Use system instead,,,,,,,,,,
base.font-size.1050,base,{base.font-size.900} + {base.typescale.size.display},0.625rem + 0.125rem + 0.125rem + 0.125rem + 0.125rem + 0.125rem + 0.125rem * 2 + 0.125rem * 2 + 0.125rem * 2 + 0.125rem * 2 * 2 + 0.125rem * 2 * 2 + 0.125rem * 2 * 2 + 0.125rem * 2 * 2 * 2 + 0.125rem * 2 * 2 * 2 + 0.125rem * 2 * 2 * 2,,,Use {base.size.1100} for consistent spacing and sizing,,,,,,,,,,
base.line-height.50,base,16,16,,,Use system instead,,,,,,,,,,
base.line-height.100,base,20,20,,,Use system instead,,,,,,,,,,
base.line-height.150,base,24,24,,,Use system instead,,,,,,,,,,
base.line-height.200,base,28,28,,,Use system instead,,,,,,,,,,
base.line-height.250,base,32,32,,,Use system instead,,,,,,,,,,
base.line-height.300,base,36,36,,,Use system instead,,,,,,,,,,
base.line-height.350,base,40,40,,,Use system instead,,,,,,,,,,
base.line-height.400,base,48,48,,,Use system instead,,,,,,,,,,
base.line-height.500,base,56,56,,,Use system instead,,,,,,,,,,
base.line-height.600,base,64,64,,,Use system instead,,,,,,,,,,
base.line-height.750,base,72,72,,,Use system instead,,,,,,,,,,
base.line-height.900,base,88,88,,,Use system instead,,,,,,,,,,
base.line-height.1050,base,104,104,,,Use system instead,,,,,,,,,,
base.typescale.size.default,base,0.125rem,0.125rem,,,,,,,,,,,,,
base.typescale.size.heading,base,{base.typescale.size.default} * {base.level},0.125rem * 2,,,,,,,,,,,,,
base.typescale.size.title,base,{base.typescale.size.heading} * {base.level},0.125rem * 2 * 2,,,,,,,,,,,,,
base.typescale.size.display,base,{base.typescale.size.title} * {base.level},0.125rem * 2 * 2 * 2,,,,,,,,,,,,,
base.typescale.height.default,base,0.25rem,0.25rem,,,,,,,,,,,,,
base.typescale.height.title,base,{base.typescale.height.default} * {base.level},0.25rem * 2,,,,,,,,,,,,,
base.typescale.height.display,base,1rem,1rem,,,,,,,,,,,,,
brand.primary.base,brand,{base.palette.blue.600},oklch(0.5198 0.1782 256.11 / 1),{brand.primary.600},oklch(0.5198 0.1782 256.11 / 1),replace primary.base with {brand.primary.600},,,,,,,,,,
brand.primary.lightest,brand,{base.palette.blue.25},oklch(0.969 0.0155 248.07 / 1),{brand.primary.25},oklch(0.969 0.0155 248.07 / 1),replace primary.lightest with {brand.primary.25},,,,,,,,,,
brand.primary.darkest,brand,{base.palette.blue.800},oklch(0.3908 0.128 256 / 1),{brand.primary.800},oklch(0.3908 0.128 256 / 1),replace primary.darkest with {brand.primary.800},,,,,,,,,,
brand.primary.dark,brand,{base.palette.blue.700},oklch(0.4658 0.1562 255.5 / 1),{brand.primary.700},oklch(0.4658 0.1562 255.5 / 1),replace primary.dark with {brand.primary.700},,,,,,,,,,
brand.primary.accent,brand,{base.palette.neutral.0},oklch(1 0 0 / 1),{sys.color.fg.inverse},oklch(1 0 0 / 1),replace primary.accent with {sys.color.fg.inverse},,,,,,,,,,
brand.primary.lighter,brand,{base.palette.blue.50},oklch(0.9523 0.0239 248.12 / 1),{brand.primary.50},oklch(0.9523 0.0239 248.12 / 1),replace primary.lighter with {brand.primary.50},,,,,,,,,,
brand.primary.light,brand,{base.palette.blue.200},oklch(0.8627 0.0701 250.6 / 1),{brand.primary.200},oklch(0.8627 0.0701 250.6 / 1),replace primary.light with {brand.primary.200},,,,,,,,,,
brand.error.base,brand,{base.palette.red.600},oklch(0.5342 0.2172 29.53 / 1),{brand.critical.600},oklch(0.5342 0.2172 29.53 / 1),replace error.base with {brand.critical.600},,,,,,,,,,
brand.error.lightest,brand,{base.palette.red.25},oklch(0.9667 0.0163 21.82 / 1),{brand.critical.25},oklch(0.9667 0.0163 21.82 / 1),replace error.lightest with {brand.critical.25},,,,,,,,,,
brand.error.dark,brand,{base.palette.red.700},oklch(0.4517 0.1847 28.2 / 1),{brand.critical.700},oklch(0.4517 0.1847 28.2 / 1),replace error.dark with {brand.critical.700},,,,,,,,,,
brand.error.darkest,brand,{base.palette.red.800},oklch(0.3712 0.1509 26.08 / 1),{brand.critical.800},oklch(0.3712 0.1509 26.08 / 1),replace error.darkest with {brand.critical.800},,,,,,,,,,
brand.error.accent,brand,{base.palette.neutral.0},oklch(1 0 0 / 1),{sys.color.fg.inverse},oklch(1 0 0 / 1),replace error.accent with {sys.color.fg.inverse},,,,,,,,,,
brand.error.lighter,brand,{base.palette.red.50},oklch(0.9533 0.0231 23.95 / 1),{brand.critical.50},oklch(0.9533 0.0231 23.95 / 1),replace error.lighter with {brand.critical.50},,,,,,,,,,
brand.error.light,brand,{base.palette.red.200},oklch(0.8339 0.092 28.19 / 1),{brand.critical.200},oklch(0.8339 0.092 28.19 / 1),replace error.light with {brand.critical.200},,,,,,,,,,
brand.alert.base,brand,{base.palette.amber.400},oklch(0.7909 0.1711 70.15 / 1),{brand.caution.400},oklch(0.7909 0.1711 70.15 / 1),replace alert.base with {brand.caution.400},,,,,,,,,,
brand.alert.lighter,brand,{base.palette.amber.50},oklch(0.969 0.0619 101.63 / 1),{brand.caution.50},oklch(0.969 0.0619 101.63 / 1),replace alert.lighter with {brand.caution.50},,,,,,,,,,
brand.alert.lightest,brand,{base.palette.amber.25},oklch(0.9779 0.0214 95.33 / 1),{brand.caution.25},oklch(0.9779 0.0214 95.33 / 1),replace alert.lightest with {brand.caution.25},,,,,,,,,,
brand.alert.dark,brand,{base.palette.amber.500},oklch(0.6601 0.1537 60.7 / 1),{brand.caution.500},oklch(0.6601 0.1537 60.7 / 1),replace alert.dark with {brand.caution.500},,,,,,,,,,
brand.alert.darkest,brand,{base.palette.amber.600},oklch(0.5505 0.1439 50.78 / 1),{brand.caution.600},oklch(0.5505 0.1439 50.78 / 1),replace alert.darkest with {brand.caution.600},,,,,,,,,,
brand.alert.accent,brand,{base.palette.neutral.950},oklch(0.2308 0 0 / 1),{sys.color.fg.contrast.default},oklch(0.0969 0 0 / 0.84),replace alert.accent with {sys.color.fg.contrast.default},,,,,,,,,,
brand.alert.light,brand,{base.palette.amber.200},oklch(0.9191 0.1547 99.7 / 1),{brand.caution.200},oklch(0.9191 0.1547 99.7 / 1),replace alert.light with {brand.caution.200},,,,,,,,,,
brand.success.base,brand,{base.palette.green.600},oklch(0.5069 0.1569 145.56 / 1),{brand.positive.600},oklch(0.5069 0.1569 145.56 / 1),replace success.base with {brand.positive.600},,,,,,,,,,
brand.success.lightest,brand,{base.palette.green.25},oklch(0.9824 0.0282 148.77 / 1),{brand.positive.25},oklch(0.9824 0.0282 148.77 / 1),replace success.lightest with {brand.positive.25},,,,,,,,,,
brand.success.lighter,brand,{base.palette.green.50},oklch(0.9655 0.0561 149.93 / 1),{brand.positive.50},oklch(0.9655 0.0561 149.93 / 1),replace success.lighter with {brand.positive.50},,,,,,,,,,
brand.success.dark,brand,{base.palette.green.700},oklch(0.4463 0.1422 144.58 / 1),{brand.positive.700},oklch(0.4463 0.1422 144.58 / 1),replace success.dark with {brand.positive.700},,,,,,,,,,
brand.success.darkest,brand,{base.palette.green.800},oklch(0.3955 0.1156 147.66 / 1),{brand.positive.800},oklch(0.3955 0.1156 147.66 / 1),replace success.darkest with {brand.positive.800},,,,,,,,,,
brand.success.accent,brand,{base.palette.neutral.0},oklch(1 0 0 / 1),{sys.color.fg.inverse},oklch(1 0 0 / 1),replace success.accent with {sys.color.fg.inverse},,,,,,,,,,
brand.success.light,brand,{base.palette.green.200},oklch(0.8506 0.1804 149.93 / 1),{brand.positive.200},oklch(0.8506 0.1804 149.93 / 1),replace success.light with {brand.positive.200},,,,,,,,,,
brand.neutral.lightest,brand,{base.palette.neutral.25},oklch(0.9851 0 0 / 1),{brand.neutral.25},oklch(0.9846 0.0018 248.57 / 1),replace neutral.lightest with {brand.neutral.25},,,,,,,,,,
brand.neutral.base,brand,{base.palette.neutral.600},oklch(0.5103 0 0 / 1),{brand.neutral.600},oklch(0.5103 0.0255 256.8 / 1),replace neutral.base with {brand.neutral.600},,,,,,,,,,
brand.neutral.dark,brand,{base.palette.neutral.700},oklch(0.4494 0 0 / 1),{brand.neutral.700},oklch(0.45 0.022 255.52 / 1),replace neutral.dark with {brand.neutral.700},,,,,,,,,,
brand.neutral.darkest,brand,{base.palette.neutral.800},oklch(0.3523 0 0 / 1),{brand.neutral.800},oklch(0.3685 0.0218 256.4 / 1),replace neutral.darkest with {brand.neutral.800},,,,,,,,,,
brand.neutral.accent,brand,{base.palette.neutral.0},oklch(1 0 0 / 1),{sys.color.fg.inverse},oklch(1 0 0 / 1),replace neutral.accent with {sys.color.fg.inverse},,,,,,,,,,
brand.neutral.lighter,brand,{base.palette.neutral.50},oklch(0.9702 0 0 / 1),{brand.neutral.50},oklch(0.9692 0.0035 248.23 / 1),replace neutral.lighter with {brand.neutral.50},,,,,,,,,,
brand.neutral.light,brand,{base.palette.neutral.200},oklch(0.8699 0 0 / 1),{brand.neutral.200},oklch(0.917 0.0081 254 / 1),replace neutral.light with {brand.neutral.200},,,,,,,,,,
brand.common.focus-outline,brand,{base.palette.blue.500},oklch(0.6023 0.2032 255.68 / 1),{brand.common.focus},oklch(0.6023 0.2032 255.68 / 1),replace focus-outline with {brand.common.focus},,,,,,,,,,
brand.common.error-inner,brand,{base.palette.red.500},oklch(0.6495 0.2369 30.04 / 1),{brand.common.critical},oklch(0.6495 0.2369 30.04 / 1),replace error-inner with {brand.common.critical},,,,,,,,,,
brand.common.alert-inner,brand,{base.palette.amber.400},oklch(0.7909 0.1711 70.15 / 1),{brand.common.caution.inner},oklch(0.7909 0.1711 70.15 / 1),replace alert-inner with {brand.common.caution.inner},,,,,,,,,,
brand.common.alert-outer,brand,{base.palette.amber.500},oklch(0.6601 0.1537 60.7 / 1),{brand.common.caution.outer},oklch(0.6601 0.1537 60.7 / 1),replace alert-outer with {brand.common.caution.outer},,,,,,,,,,
sys.breakpoints.s,sys,{base.unit} * 80,0.25rem * 80,,,,,,,,,,,,,
sys.breakpoints.m,sys,{base.unit} * 192,0.25rem * 192,,,,,,,,,,,,,
sys.breakpoints.l,sys,{base.unit} * 256,0.25rem * 256,,,,,,,,,,,,,
sys.shape.zero,sys,{sys.shape.none},0,,,Use {sys.shape.none} instead,,,,,,,,,,
sys.shape.half,sys,{base.unit} * 0.5,0.25rem * 0.5,,,,,,,,,,,,,
sys.shape.x1,sys,{base.unit},0.25rem,,,,,,,,,,,,,
sys.shape.x1-half,sys,{base.unit} * 1.5,0.25rem * 1.5,,,,,,,,,,,,,
sys.shape.x2,sys,{base.unit} * 2,0.25rem * 2,,,,,,,,,,,,,
sys.shape.x4,sys,{base.unit} * 4,0.25rem * 4,,,,,,,,,,,,,
sys.shape.x6,sys,{base.unit} * 6,0.25rem * 6,,,,,,,,,,,,,
sys.shape.round,sys,{base.unit} * 250,0.25rem * 250,,,,,,,,,,,,,
sys.space.zero,sys,0,0,,,Use semantic padding and gap values instead,,,,,,,,,,
sys.space.half,sys,{base.unit} * 0.5,0.25rem * 0.5,,,Use semantic padding and gap values instead,,,,,,,,,,
sys.space.x1,sys,{base.unit},0.25rem,,,Use semantic padding and gap values instead,,,,,,,,,,
sys.space.x2,sys,{base.unit} * 2,0.25rem * 2,,,Use semantic padding and gap values instead,,,,,,,,,,
sys.space.x3,sys,{base.unit} * 3,0.25rem * 3,,,Use semantic padding and gap values instead,,,,,,,,,,
sys.space.x4,sys,{base.unit} * 4,0.25rem * 4,,,Use semantic padding and gap values instead,,,,,,,,,,
sys.space.x5,sys,{base.unit} * 5,0.25rem * 5,,,Use semantic padding and gap values instead,,,,,,,,,,
sys.space.x6,sys,{base.unit} * 6,0.25rem * 6,,,Use semantic padding and gap values instead,,,,,,,,,,
sys.space.x8,sys,{base.unit} * 8,0.25rem * 8,,,Use semantic padding and gap values instead,,,,,,,,,,
sys.space.x10,sys,{base.unit} * 10,0.25rem * 10,,,Use semantic padding and gap values instead,,,,,,,,,,
sys.space.x14,sys,{base.unit} * 14,0.25rem * 14,,,Use semantic padding and gap values instead,,,,,,,,,,
sys.space.x16,sys,{base.unit} * 16,0.25rem * 16,,,Use semantic padding and gap values instead,,,,,,,,,,
sys.space.x20,sys,{base.unit} * 20,0.25rem * 20,,,Use semantic padding and gap values instead,,,,,,,,,,
sys.font-size.subtext.small,sys,{base.font-size.25},0.625rem,,,,,,,,,,,,,
sys.font-size.subtext.medium,sys,{base.font-size.50},0.625rem + 0.125rem,,,,,,,,,,,,,
sys.font-size.subtext.large,sys,{base.font-size.75},0.625rem + 0.125rem + 0.125rem,,,,,,,,,,,,,
sys.font-size.body.small,sys,{base.font-size.100},0.625rem + 0.125rem + 0.125rem + 0.125rem,,,,,,,,,,,,,
sys.font-size.body.medium,sys,{base.font-size.125},0.625rem + 0.125rem + 0.125rem + 0.125rem + 0.125rem,,,,,,,,,,,,,
sys.font-size.body.large,sys,{base.font-size.150},0.625rem + 0.125rem + 0.125rem + 0.125rem + 0.125rem + 0.125rem,,,,,,,,,,,,,
sys.font-size.heading.small,sys,{base.font-size.200},0.625rem + 0.125rem + 0.125rem + 0.125rem + 0.125rem + 0.125rem + 0.125rem * 2,,,,,,,,,,,,,
sys.font-size.heading.medium,sys,{base.font-size.250},0.625rem + 0.125rem + 0.125rem + 0.125rem + 0.125rem + 0.125rem + 0.125rem * 2 + 0.125rem * 2,,,,,,,,,,,,,
sys.font-size.heading.large,sys,{base.font-size.300},0.625rem + 0.125rem + 0.125rem + 0.125rem + 0.125rem + 0.125rem + 0.125rem * 2 + 0.125rem * 2 + 0.125rem * 2,,,,,,,,,,,,,
sys.font-size.title.small,sys,{base.font-size.400},0.625rem + 0.125rem + 0.125rem + 0.125rem + 0.125rem + 0.125rem + 0.125rem * 2 + 0.125rem * 2 + 0.125rem * 2 + 0.125rem * 2 * 2,,,,,,,,,,,,,
sys.font-size.title.medium,sys,{base.font-size.500},0.625rem + 0.125rem + 0.125rem + 0.125rem + 0.125rem + 0.125rem + 0.125rem * 2 + 0.125rem * 2 + 0.125rem * 2 + 0.125rem * 2 * 2 + 0.125rem * 2 * 2,,,,,,,,,,,,,
sys.font-size.title.large,sys,{base.font-size.600},0.625rem + 0.125rem + 0.125rem + 0.125rem + 0.125rem + 0.125rem + 0.125rem * 2 + 0.125rem * 2 + 0.125rem * 2 + 0.125rem * 2 * 2 + 0.125rem * 2 * 2 + 0.125rem * 2 * 2,,,,,,,,,,,,,
sys.line-height.subtext.small,sys,{base.line-height.50},16,,,,,,,,,,,,,
sys.line-height.subtext.medium,sys,{base.line-height.50},16,,,,,,,,,,,,,
sys.line-height.subtext.large,sys,{base.line-height.100},20,,,,,,,,,,,,,
sys.line-height.body.small,sys,{base.line-height.150},24,,,,,,,,,,,,,
sys.line-height.body.medium,sys,{base.line-height.200},28,,,,,,,,,,,,,
sys.line-height.body.large,sys,{base.line-height.200},28,,,,,,,,,,,,,
sys.line-height.heading.small,sys,{base.line-height.250},32,,,,,,,,,,,,,
sys.line-height.heading.medium,sys,{base.line-height.300},36,,,,,,,,,,,,,
sys.line-height.heading.large,sys,{base.line-height.350},40,,,,,,,,,,,,,
sys.line-height.title.small,sys,{base.line-height.400},48,,,,,,,,,,,,,
sys.line-height.title.medium,sys,{base.line-height.500},56,,,,,,,,,,,,,
sys.line-height.title.large,sys,{base.line-height.600},64,,,,,,,,,,,,,
sys.type.subtext.small,sys,"{""font-family"":""{sys.font-family.default}"",""font-weight"":""{sys.font-weight.normal}"",""line-height"":""{sys.line-height.subtext.small}"",""font-size"":""{sys.font-size.subtext.small}"",""letter-spacing"":""{base.letter-spacing.50}""}","{""font-family"":""Roboto"",""font-weight"":""Regular"",""line-height"":16,""font-size"":""0.625rem"",""letter-spacing"":0.4}",,,,{sys.font-family.default},{sys.font-weight.normal},{sys.line-height.subtext.small},{sys.font-size.subtext.small},{base.letter-spacing.50},Roboto,Regular,16,0.625rem,0.4
sys.type.subtext.medium,sys,"{""font-family"":""{sys.font-family.default}"",""font-weight"":""{sys.font-weight.normal}"",""line-height"":""{sys.line-height.subtext.medium}"",""font-size"":""{sys.font-size.subtext.medium}"",""letter-spacing"":""{base.letter-spacing.100}""}","{""font-family"":""Roboto"",""font-weight"":""Regular"",""line-height"":16,""font-size"":""0.625rem + 0.125rem"",""letter-spacing"":0.32}",,,,{sys.font-family.default},{sys.font-weight.normal},{sys.line-height.subtext.medium},{sys.font-size.subtext.medium},{base.letter-spacing.100},Roboto,Regular,16,0.625rem + 0.125rem,0.32
sys.type.subtext.large,sys,"{""font-family"":""{sys.font-family.default}"",""font-weight"":""{sys.font-weight.normal}"",""line-height"":""{sys.line-height.subtext.large}"",""font-size"":""{sys.font-size.subtext.large}"",""letter-spacing"":""{base.letter-spacing.150}""}","{""font-family"":""Roboto"",""font-weight"":""Regular"",""line-height"":20,""font-size"":""0.625rem + 0.125rem + 0.125rem"",""letter-spacing"":0.24}",,,,{sys.font-family.default},{sys.font-weight.normal},{sys.line-height.subtext.large},{sys.font-size.subtext.large},{base.letter-spacing.150},Roboto,Regular,20,0.625rem + 0.125rem + 0.125rem,0.24
sys.type.body.small,sys,"{""font-family"":""{sys.font-family.default}"",""font-weight"":""{sys.font-weight.normal}"",""line-height"":""{sys.line-height.body.small}"",""font-size"":""{sys.font-size.body.small}"",""letter-spacing"":""{base.letter-spacing.200}""}","{""font-family"":""Roboto"",""font-weight"":""Regular"",""line-height"":24,""font-size"":""0.625rem + 0.125rem + 0.125rem + 0.125rem"",""letter-spacing"":0.16}",,,,{sys.font-family.default},{sys.font-weight.normal},{sys.line-height.body.small},{sys.font-size.body.small},{base.letter-spacing.200},Roboto,Regular,24,0.625rem + 0.125rem + 0.125rem + 0.125rem,0.16
sys.type.body.medium,sys,"{""font-family"":""{sys.font-family.default}"",""font-weight"":""{sys.font-weight.normal}"",""line-height"":""{sys.line-height.body.medium}"",""font-size"":""{sys.font-size.body.medium}""}","{""font-family"":""Roboto"",""font-weight"":""Regular"",""line-height"":28,""font-size"":""0.625rem + 0.125rem + 0.125rem + 0.125rem + 0.125rem""}",,,,{sys.font-family.default},{sys.font-weight.normal},{sys.line-height.body.medium},{sys.font-size.body.medium},,Roboto,Regular,28,0.625rem + 0.125rem + 0.125rem + 0.125rem + 0.125rem,
sys.type.body.large,sys,"{""font-family"":""{sys.font-family.default}"",""font-weight"":""{sys.font-weight.normal}"",""line-height"":""{sys.line-height.body.large}"",""font-size"":""{sys.font-size.body.large}""}","{""font-family"":""Roboto"",""font-weight"":""Regular"",""line-height"":28,""font-size"":""0.625rem + 0.125rem + 0.125rem + 0.125rem + 0.125rem + 0.125rem""}",,,,{sys.font-family.default},{sys.font-weight.normal},{sys.line-height.body.large},{sys.font-size.body.large},,Roboto,Regular,28,0.625rem + 0.125rem + 0.125rem + 0.125rem + 0.125rem + 0.125rem,
sys.type.heading.small,sys,"{""font-family"":""{sys.font-family.default}"",""font-weight"":""{sys.font-weight.bold}"",""line-height"":""{sys.line-height.heading.small}"",""font-size"":""{sys.font-size.heading.small}""}","{""font-family"":""Roboto"",""font-weight"":""Bold"",""line-height"":32,""font-size"":""0.625rem + 0.125rem + 0.125rem + 0.125rem + 0.125rem + 0.125rem + 0.125rem * 2""}",,,,{sys.font-family.default},{sys.font-weight.bold},{sys.line-height.heading.small},{sys.font-size.heading.small},,Roboto,Bold,32,0.625rem + 0.125rem + 0.125rem + 0.125rem + 0.125rem + 0.125rem + 0.125rem * 2,
sys.type.heading.medium,sys,"{""font-family"":""{sys.font-family.default}"",""font-weight"":""{sys.font-weight.bold}"",""line-height"":""{sys.line-height.heading.medium}"",""font-size"":""{sys.font-size.heading.medium}""}","{""font-family"":""Roboto"",""font-weight"":""Bold"",""line-height"":36,""font-size"":""0.625rem + 0.125rem + 0.125rem + 0.125rem + 0.125rem + 0.125rem + 0.125rem * 2 + 0.125rem * 2""}",,,,{sys.font-family.default},{sys.font-weight.bold},{sys.line-height.heading.medium},{sys.font-size.heading.medium},,Roboto,Bold,36,0.625rem + 0.125rem + 0.125rem + 0.125rem + 0.125rem + 0.125rem + 0.125rem * 2 + 0.125rem * 2,
sys.type.heading.large,sys,"{""font-family"":""{sys.font-family.default}"",""font-weight"":""{sys.font-weight.bold}"",""line-height"":""{sys.line-height.heading.large}"",""font-size"":""{sys.font-size.heading.large}""}","{""font-family"":""Roboto"",""font-weight"":""Bold"",""line-height"":40,""font-size"":""0.625rem + 0.125rem + 0.125rem + 0.125rem + 0.125rem + 0.125rem + 0.125rem * 2 + 0.125rem * 2 + 0.125rem * 2""}",,,,{sys.font-family.default},{sys.font-weight.bold},{sys.line-height.heading.large},{sys.font-size.heading.large},,Roboto,Bold,40,0.625rem + 0.125rem + 0.125rem + 0.125rem + 0.125rem + 0.125rem + 0.125rem * 2 + 0.125rem * 2 + 0.125rem * 2,
sys.type.title.small,sys,"{""font-family"":""{sys.font-family.default}"",""font-weight"":""{sys.font-weight.bold}"",""line-height"":""{sys.line-height.title.small}"",""font-size"":""{sys.font-size.title.small}""}","{""font-family"":""Roboto"",""font-weight"":""Bold"",""line-height"":48,""font-size"":""0.625rem + 0.125rem + 0.125rem + 0.125rem + 0.125rem + 0.125rem + 0.125rem * 2 + 0.125rem * 2 + 0.125rem * 2 + 0.125rem * 2 * 2""}",,,,{sys.font-family.default},{sys.font-weight.bold},{sys.line-height.title.small},{sys.font-size.title.small},,Roboto,Bold,48,0.625rem + 0.125rem + 0.125rem + 0.125rem + 0.125rem + 0.125rem + 0.125rem * 2 + 0.125rem * 2 + 0.125rem * 2 + 0.125rem * 2 * 2,
sys.type.title.medium,sys,"{""font-family"":""{sys.font-family.default}"",""font-weight"":""{sys.font-weight.bold}"",""line-height"":""{sys.line-height.title.medium}"",""font-size"":""{sys.font-size.title.medium}""}","{""font-family"":""Roboto"",""font-weight"":""Bold"",""line-height"":56,""font-size"":""0.625rem + 0.125rem + 0.125rem + 0.125rem + 0.125rem + 0.125rem + 0.125rem * 2 + 0.125rem * 2 + 0.125rem * 2 + 0.125rem * 2 * 2 + 0.125rem * 2 * 2""}",,,,{sys.font-family.default},{sys.font-weight.bold},{sys.line-height.title.medium},{sys.font-size.title.medium},,Roboto,Bold,56,0.625rem + 0.125rem + 0.125rem + 0.125rem + 0.125rem + 0.125rem + 0.125rem * 2 + 0.125rem * 2 + 0.125rem * 2 + 0.125rem * 2 * 2 + 0.125rem * 2 * 2,
sys.type.title.large,sys,"{""font-family"":""{sys.font-family.default}"",""font-weight"":""{sys.font-weight.bold}"",""line-height"":""{sys.line-height.title.large}"",""font-size"":""{sys.font-size.title.large}""}","{""font-family"":""Roboto"",""font-weight"":""Bold"",""line-height"":64,""font-size"":""0.625rem + 0.125rem + 0.125rem + 0.125rem + 0.125rem + 0.125rem + 0.125rem * 2 + 0.125rem * 2 + 0.125rem * 2 + 0.125rem * 2 * 2 + 0.125rem * 2 * 2 + 0.125rem * 2 * 2""}",,,,{sys.font-family.default},{sys.font-weight.bold},{sys.line-height.title.large},{sys.font-size.title.large},,Roboto,Bold,64,0.625rem + 0.125rem + 0.125rem + 0.125rem + 0.125rem + 0.125rem + 0.125rem * 2 + 0.125rem * 2 + 0.125rem * 2 + 0.125rem * 2 * 2 + 0.125rem * 2 * 2 + 0.125rem * 2 * 2,
sys.color.bg.primary.softest,sys,{base.palette.blue.25},oklch(0.969 0.0155 248.07 / 1),,,Use sys.color.brand.surface.primary.default instead,,,,,,,,,,
sys.color.bg.primary.softer,sys,{base.palette.blue.50},oklch(0.9523 0.0239 248.12 / 1),,,Use sys.color.brand.surface.primary.strong tokens instead,,,,,,,,,,
sys.color.bg.primary.soft,sys,{base.palette.blue.100},oklch(0.928 0.0359 250.6 / 1),,,Use sys.color.brand.surface.primary.default tokens instead,,,,,,,,,,
sys.color.bg.primary.default,sys,{base.palette.blue.600},oklch(0.5198 0.1782 256.11 / 1),,,Use sys.color.brand.accent.primary instead,,,,,,,,,,
sys.color.bg.primary.strong,sys,{base.palette.blue.700},oklch(0.4658 0.1562 255.5 / 1),,,Use sys.color.brand.accent.primary instead with sys.color.accent.overlay.hover,,,,,,,,,,
sys.color.bg.primary.stronger,sys,{base.palette.blue.800},oklch(0.3908 0.128 256 / 1),,,Use sys.color.brand.accent.primary instead with sys.color.accent.overlay.pressed,,,,,,,,,,
sys.color.bg.transparent.default,sys,oklch({base.palette.neutral.1000} / {base.opacity.0}),oklch(oklch(0 0 0 / 1) / 0),,,Use sys.color.surface.transparent instead,,,,,,,,,,
sys.color.bg.transparent.strong,sys,oklch({base.palette.neutral.1000} / {base.opacity.100}),oklch(oklch(0 0 0 / 1) / 8),,,Use sys.color.surface.overlay.hover.default tokens instead,,,,,,,,,,
sys.color.bg.transparent.stronger,sys,oklch({base.palette.neutral.1000} / {base.opacity.250}),oklch(oklch(0 0 0 / 1) / 20),,,Use sys.color.surface.overlay.pressed.default tokens instead,,,,,,,,,,
sys.color.bg.overlay,sys,oklch({base.palette.neutral.1000} / {base.opacity.400}),oklch(oklch(0 0 0 / 1) / 40),,,Use sys.color.surface.overlay.scrim instead,,,,,,,,,,
sys.color.bg.translucent,sys,oklch({base.palette.neutral.1000} / {base.opacity.500}),oklch(oklch(0 0 0 / 1) / 84),,,Use sys.color.surface.contrast.default tokens instead,,,,,,,,,,
sys.color.bg.alt.softer,sys,{base.palette.slate.25},oklch(0.9846 0.0018 248.57 / 1),,,Use sys.color.surface.raised tokens instead,,,,,,,,,,
sys.color.bg.alt.soft,sys,{base.palette.slate.50},oklch(0.9692 0.0035 248.23 / 1),,,Use sys.color.surface.alt.default instead,,,,,,,,,,
sys.color.bg.alt.strong,sys,{base.palette.slate.200},oklch(0.917 0.0081 254 / 1),,,Use sys.color.surface.default tokens instead with sys.color.surface.overlay.hover,,,,,,,,,,
sys.color.bg.alt.stronger,sys,{base.palette.slate.300},oklch(0.856 0.0111 256.85 / 1),,,Use sys.color.surface.alt.default with sys.color.surface.overlay.pressed,,,,,,,,,,
sys.color.bg.muted.softer,sys,{base.palette.slate.400},oklch(0.754 0.0181 256.33 / 1),,,Use sys.color.accent.muted.soft token instead,,,,,,,,,,
sys.color.bg.muted.soft,sys,{base.palette.slate.500},oklch(0.629 0.0281 255.62 / 1),,,Use sys.color.accent.muted.soft token instead,,,,,,,,,,
sys.color.bg.muted.default,sys,{base.palette.slate.600},oklch(0.5103 0.0255 256.8 / 1),,,Use sys.color.accent.muted.default instead,,,,,,,,,,
sys.color.bg.muted.strong,sys,{base.palette.slate.700},oklch(0.45 0.022 255.52 / 1),,,Use sys.color.accent.muted.default token instead with sys.color.accent.overlay.hover,,,,,,,,,,
sys.color.bg.contrast.default,sys,{base.palette.neutral.900},oklch(0.2891 0 0 / 1),,,Use sys.color.surface.contrast.default instead,,,,,,,,,,
sys.color.bg.contrast.strong,sys,{base.palette.neutral.950},oklch(0.2308 0 0 / 1),,,Use sys.color.surface.contrast.strong with sys.color.accent.overlay.hover,,,,,,,,,,
sys.color.bg.positive.softest,sys,{base.palette.green.25},oklch(0.9824 0.0282 148.77 / 1),,,Use sys.color.surface.success tokens instead,,,,,,,,,,
sys.color.bg.positive.softer,sys,{base.palette.green.50},oklch(0.9655 0.0561 149.93 / 1),,,Use sys.color.brand.surface.positive.strong tokens instead,,,,,,,,,,
sys.color.bg.positive.soft,sys,{base.palette.green.100},oklch(0.9278 0.1024 149.88 / 1),,,Use sys.color.brand.surface.positive.default tokens instead,,,,,,,,,,
sys.color.bg.positive.default,sys,{base.palette.green.600},oklch(0.5069 0.1569 145.56 / 1),,,Use sys.color.accent.success instead,,,,,,,,,,
sys.color.bg.positive.strong,sys,{base.palette.green.700},oklch(0.4463 0.1422 144.58 / 1),,,Use sys.color.brand.accent.positive instead with sys.color.accent.overlay.hover,,,,,,,,,,
sys.color.bg.positive.stronger,sys,{base.palette.green.800},oklch(0.3955 0.1156 147.66 / 1),,,Use sys.color.brand.accent.positive instead with sys.color.accent.overlay.pressed,,,,,,,,,,
sys.color.bg.caution.softest,sys,{base.palette.amber.25},oklch(0.9779 0.0214 95.33 / 1),,,Use sys.color.brand.surface.caution.default tokens instead,,,,,,,,,,
sys.color.bg.caution.softer,sys,{base.palette.amber.50},oklch(0.969 0.0619 101.63 / 1),,,Use sys.color.brand.surface.caution.strong tokens instead,,,,,,,,,,
sys.color.bg.caution.soft,sys,{base.palette.amber.100},oklch(0.9567 0.0948 100.22 / 1),,,Use sys.color.surface.warning.default tokens instead,,,,,,,,,,
sys.color.bg.caution.default,sys,{base.palette.amber.400},oklch(0.7909 0.1711 70.15 / 1),,,Use sys.color.brand.accent.caution instead,,,,,,,,,,
sys.color.bg.caution.strong,sys,{base.palette.amber.500},oklch(0.6601 0.1537 60.7 / 1),,,Use sys.color.brand.accent.caution instead with sys.color.accent.overlay.hover,,,,,,,,,,
sys.color.bg.caution.stronger,sys,{base.palette.amber.600},oklch(0.5505 0.1439 50.78 / 1),,,Use sys.color.brand.accent.caution instead with sys.color.accent.overlay.pressed,,,,,,,,,,
sys.color.bg.critical.softest,sys,{base.palette.red.25},oklch(0.9667 0.0163 21.82 / 1),,,Use sys.color.brand.surface.critical.default tokens instead,,,,,,,,,,
sys.color.bg.critical.softer,sys,{base.palette.red.50},oklch(0.9533 0.0231 23.95 / 1),,,Use sys.color.brand.surface.critical.strong tokens instead,,,,,,,,,,
sys.color.bg.critical.soft,sys,{base.palette.red.100},oklch(0.9225 0.0394 25.51 / 1),,,Use sys.color.surface.danger.default tokens instead,,,,,,,,,,
sys.color.bg.critical.default,sys,{base.palette.red.600},oklch(0.5342 0.2172 29.53 / 1),,,Use sys.color.brand.accent.critical instead,,,,,,,,,,
sys.color.bg.critical.strong,sys,{base.palette.red.700},oklch(0.4517 0.1847 28.2 / 1),,,Use sys.color.brand.accent.critical instead with sys.color.accent.overlay.hover,,,,,,,,,,
sys.color.bg.critical.stronger,sys,{base.palette.red.800},oklch(0.3712 0.1509 26.08 / 1),,,Use sys.color.brand.accent.critical instead with sys.color.accent.overlay.pressed,,,,,,,,,,
sys.color.bg.ai.default,sys,{base.palette.blue.100},oklch(0.928 0.0359 250.6 / 1),,,Use sys.color.surface.ai.default instead,,,,,,,,,,
sys.color.bg.ai.strong,sys,{base.palette.blue.200},oklch(0.8627 0.0701 250.6 / 1),,,Use sys.color.surface.ai.hover instead,,,,,,,,,,
sys.color.bg.ai.stronger,sys,{base.palette.blue.400},oklch(0.708 0.1549 255.41 / 1),,,Use sys.color.surface.ai.pressed instead,,,,,,,,,,
sys.color.bg.ai.strongest,sys,{base.palette.blue.950},oklch(0.2452 0.0752 254.55 / 1),,,Use sys.color.accent.ai instead,,,,,,,,,,
sys.color.bg.info.softest,sys,{base.palette.blue.25},oklch(0.969 0.0155 248.07 / 1),,,Use sys.color.surface.info.default instead,,,,,,,,,,
sys.color.bg.info.softer,sys,{base.palette.blue.50},oklch(0.9523 0.0239 248.12 / 1),,,Use sys.color.surface.info.strong instead,,,,,,,,,,
sys.color.bg.info.soft,sys,{base.palette.blue.100},oklch(0.928 0.0359 250.6 / 1),,,Use sys.color.surface.info.default tokens instead,,,,,,,,,,
sys.color.bg.info.default,sys,{base.palette.blue.600},oklch(0.5198 0.1782 256.11 / 1),,,Use sys.color.accent.info instead,,,,,,,,,,
sys.color.bg.info.strong,sys,{base.palette.blue.700},oklch(0.4658 0.1562 255.5 / 1),,,Use sys.color.accent.info instead with sys.color.accent.overlay.hover,,,,,,,,,,
sys.color.bg.info.stronger,sys,{base.palette.blue.800},oklch(0.3908 0.128 256 / 1),,,Use sys.color.accent.info instead with sys.color.accent.overlay.pressed,,,,,,,,,,
sys.color.text.default,sys,{base.palette.neutral.800},oklch(0.3523 0 0 / 1),,,Use sys.color.fg.default instead,,,,,,,,,,
sys.color.text.strong,sys,{base.palette.neutral.900},oklch(0.2891 0 0 / 1),,,Use sys.color.fg.strong instead,,,,,,,,,,
sys.color.text.stronger,sys,{base.palette.neutral.950},oklch(0.2308 0 0 / 1),,,Use sys.color.fg.strong instead,,,,,,,,,,
sys.color.text.disabled,sys,{base.palette.slate.400},oklch(0.754 0.0181 256.33 / 1),,,Use sys.opacity.disabled instead,,,,,,,,,,
sys.color.text.hint,sys,{base.palette.slate.600},oklch(0.5103 0.0255 256.8 / 1),,,Use sys.color.fg.muted.default instead,,,,,,,,,,
sys.color.text.inverse,sys,{base.palette.neutral.0},oklch(1 0 0 / 1),,,Use sys.color.fg.inverse instead,,,,,,,,,,
sys.color.text.critical.default,sys,{base.palette.red.600},oklch(0.5342 0.2172 29.53 / 1),,,Use sys.color.brand.fg.critical.default instead,,,,,,,,,,
sys.color.text.critical.strong,sys,{base.palette.red.700},oklch(0.4517 0.1847 28.2 / 1),,,Use sys.color.brand.fg.critical.strong instead,,,,,,,,,,
sys.color.text.critical.stronger,sys,{base.palette.red.800},oklch(0.3712 0.1509 26.08 / 1),,,Use sys.color.brand.fg.critical.strong instead,,,,,,,,,,
sys.color.text.critical.soft,sys,{base.palette.red.400},oklch(0.6857 0.2037 29.76 / 1),,,Use sys.color.fg.danger.default instead,,,,,,,,,,
sys.color.text.critical.softer,sys,{base.palette.red.200},oklch(0.8339 0.092 28.19 / 1),,,Use sys.color.fg.danger.default instead,,,,,,,,,,
sys.color.text.primary.default,sys,{base.palette.blue.600},oklch(0.5198 0.1782 256.11 / 1),,,Use sys.color.brand.fg.primary.default instead,,,,,,,,,,
sys.color.text.primary.strong,sys,{base.palette.blue.700},oklch(0.4658 0.1562 255.5 / 1),,,Use sys.color.brand.fg.primary.strong instead,,,,,,,,,,
sys.color.text.primary.stronger,sys,{base.palette.blue.800},oklch(0.3908 0.128 256 / 1),,,Use sys.color.brand.fg.primary.strong instead,,,,,,,,,,
sys.color.text.primary.soft,sys,{base.palette.blue.400},oklch(0.708 0.1549 255.41 / 1),,,Use sys.color.fg.info.default instead,,,,,,,,,,
sys.color.text.primary.softer,sys,{base.palette.blue.200},oklch(0.8627 0.0701 250.6 / 1),,,Use sys.color.fg.info.default instead,,,,,,,,,,
sys.color.text.caution.default,sys,{base.palette.amber.900},oklch(0.32 0.098 41.19 / 1),,,Use sys.color.fg.warning.default instead,,,,,,,,,,
sys.color.text.caution.strong,sys,{base.palette.amber.950},oklch(0.2489 0.0771 40.64 / 1),,,Use sys.color.fg.contrast.strong instead,,,,,,,,,,
sys.color.text.caution.soft,sys,{base.palette.amber.400},oklch(0.7909 0.1711 70.15 / 1),,,Use sys.color.fg.warning.default instead,,,,,,,,,,
sys.color.text.caution.stronger,sys,{base.palette.amber.975},oklch(0.2165 0.0674 40.35 / 1),,,Use sys.color.fg.contrast.strong instead,,,,,,,,,,
sys.color.text.caution.softer,sys,{base.palette.amber.200},oklch(0.9191 0.1547 99.7 / 1),,,Use sys.color.fg.warning.default instead,,,,,,,,,,
sys.color.text.ai,sys,{base.palette.blue.950},oklch(0.2452 0.0752 254.55 / 1),,,Use sys.color.fg.ai instead,,,,,,,,,,
sys.color.text.positive.default,sys,{base.palette.green.600},oklch(0.5069 0.1569 145.56 / 1),,,Use sys.color.brand.fg.positive.default instead,,,,,,,,,,
sys.color.text.positive.strong,sys,{base.palette.green.700},oklch(0.4463 0.1422 144.58 / 1),,,Use sys.color.brand.fg.positive.strong instead,,,,,,,,,,
sys.color.text.positive.stronger,sys,{base.palette.green.800},oklch(0.3955 0.1156 147.66 / 1),,,Use sys.color.brand.fg.positive.strong instead,,,,,,,,,,
sys.color.text.positive.soft,sys,{base.palette.green.400},oklch(0.702 0.1952 148.39 / 1),,,Use sys.color.fg.success.default instead,,,,,,,,,,
sys.color.text.positive.softer,sys,{base.palette.green.200},oklch(0.8506 0.1804 149.93 / 1),,,Use sys.color.fg.success.default instead,,,,,,,,,,
sys.color.text.info.default,sys,{base.palette.blue.600},oklch(0.5198 0.1782 256.11 / 1),,,Use sys.color.fg.info.default instead,,,,,,,,,,
sys.color.text.info.strong,sys,{base.palette.blue.700},oklch(0.4658 0.1562 255.5 / 1),,,Use sys.color.fg.info.strong instead,,,,,,,,,,
sys.color.text.info.stronger,sys,{base.palette.blue.800},oklch(0.3908 0.128 256 / 1),,,Use sys.color.fg.info.strong instead,,,,,,,,,,
sys.color.text.info.soft,sys,{base.palette.blue.400},oklch(0.708 0.1549 255.41 / 1),,,Use sys.color.fg.info.default instead,,,,,,,,,,
sys.color.text.info.softer,sys,{base.palette.blue.200},oklch(0.8627 0.0701 250.6 / 1),,,Use sys.color.fg.info.default instead,,,,,,,,,,
sys.color.icon.default,sys,{base.palette.neutral.800},oklch(0.3523 0 0 / 1),,,Use sys.color.fg.default instead,,,,,,,,,,
sys.color.icon.soft,sys,{base.palette.slate.600},oklch(0.5103 0.0255 256.8 / 1),,,Use sys.color.fg.muted.default instead,,,,,,,,,,
sys.color.icon.strong,sys,{base.palette.neutral.900},oklch(0.2891 0 0 / 1),,,Use sys.color.fg.muted.strong instead,,,,,,,,,,
sys.color.icon.inverse,sys,{base.palette.neutral.0},oklch(1 0 0 / 1),,,Use sys.color.fg.inverse instead,,,,,,,,,,
sys.color.icon.primary.default,sys,{base.palette.blue.600},oklch(0.5198 0.1782 256.11 / 1),,,Use sys.color.brand.fg.primary.default instead,,,,,,,,,,
sys.color.icon.primary.strong,sys,{base.palette.blue.700},oklch(0.4658 0.1562 255.5 / 1),,,Use sys.color.brand.fg.primary.strong instead,,,,,,,,,,
sys.color.icon.primary.stronger,sys,{base.palette.blue.800},oklch(0.3908 0.128 256 / 1),,,Use sys.color.brand.fg.primary.strong instead,,,,,,,,,,
sys.color.icon.primary.soft,sys,{base.palette.blue.400},oklch(0.708 0.1549 255.41 / 1),,,Use sys.color.fg.info.default instead,,,,,,,,,,
sys.color.icon.primary.softer,sys,{base.palette.blue.200},oklch(0.8627 0.0701 250.6 / 1),,,Use sys.color.fg.info.default instead,,,,,,,,,,
sys.color.icon.positive.default,sys,{base.palette.green.600},oklch(0.5069 0.1569 145.56 / 1),,,Use sys.color.brand.fg.positive.default instead,,,,,,,,,,
sys.color.icon.positive.strong,sys,{base.palette.green.700},oklch(0.4463 0.1422 144.58 / 1),,,Use sys.color.brand.fg.positive.strong instead with sys.color.accent.overlay.hover,,,,,,,,,,
sys.color.icon.positive.stronger,sys,{base.palette.green.800},oklch(0.3955 0.1156 147.66 / 1),,,Use sys.color.brand.fg.positive.strong instead with sys.color.accent.overlay.pressed,,,,,,,,,,
sys.color.icon.positive.soft,sys,{base.palette.green.400},oklch(0.702 0.1952 148.39 / 1),,,Use sys.color.fg.success.default instead,,,,,,,,,,
sys.color.icon.positive.softer,sys,{base.palette.green.200},oklch(0.8506 0.1804 149.93 / 1),,,Use sys.color.fg.success.default instead,,,,,,,,,,
sys.color.icon.critical.default,sys,{base.palette.red.600},oklch(0.5342 0.2172 29.53 / 1),,,Use sys.color.brand.fg.critical.default instead,,,,,,,,,,
sys.color.icon.critical.strong,sys,{base.palette.red.700},oklch(0.4517 0.1847 28.2 / 1),,,Use sys.color.fg.danger.strong instead,,,,,,,,,,
sys.color.icon.critical.stronger,sys,{base.palette.red.800},oklch(0.3712 0.1509 26.08 / 1),,,Use sys.color.fg.danger.strong instead,,,,,,,,,,
sys.color.icon.critical.soft,sys,{base.palette.red.400},oklch(0.6857 0.2037 29.76 / 1),,,Use sys.color.fg.danger.default instead,,,,,,,,,,
sys.color.icon.critical.softer,sys,{base.palette.red.200},oklch(0.8339 0.092 28.19 / 1),,,Use sys.color.fg.danger.default instead,,,,,,,,,,
sys.color.icon.caution.default,sys,{base.palette.amber.900},oklch(0.32 0.098 41.19 / 1),,,Use sys.color.fg.contrast.default instead,,,,,,,,,,
sys.color.icon.caution.strong,sys,{base.palette.amber.950},oklch(0.2489 0.0771 40.64 / 1),,,Use sys.color.brand.fg.caution.default instead,,,,,,,,,,
sys.color.icon.caution.stronger,sys,{base.palette.amber.975},oklch(0.2165 0.0674 40.35 / 1),,,Use sys.color.brand.fg.caution.strong instead,,,,,,,,,,
sys.color.icon.caution.soft,sys,{base.palette.amber.700},oklch(0.4824 0.1353 46.11 / 1),,,Use sys.color.fg.warning.default instead,,,,,,,,,,
sys.color.icon.caution.softer,sys,{base.palette.amber.500},oklch(0.6601 0.1537 60.7 / 1),,,Use sys.color.fg.warning.default instead,,,,,,,,,,
sys.color.icon.disabled,sys,{base.palette.slate.400},oklch(0.754 0.0181 256.33 / 1),,,Use sys.color.fg.disabled instead,,,,,,,,,,
sys.color.icon.info.default,sys,{base.palette.blue.600},oklch(0.5198 0.1782 256.11 / 1),,,Use sys.color.fg.info.default instead,,,,,,,,,,
sys.color.icon.info.strong,sys,{base.palette.blue.700},oklch(0.4658 0.1562 255.5 / 1),,,Use sys.color.fg.info.strong instead,,,,,,,,,,
sys.color.icon.info.stronger,sys,{base.palette.blue.800},oklch(0.3908 0.128 256 / 1),,,Use sys.color.fg.info.strong instead,,,,,,,,,,
sys.color.fg.critical.default,sys,{base.palette.red.600},oklch(0.5342 0.2172 29.53 / 1),,,Use sys.color.brand.fg.critical.default instead,,,,,,,,,,
sys.color.fg.critical.strong,sys,{base.palette.red.700},oklch(0.4517 0.1847 28.2 / 1),,,Use sys.color.brand.fg.critical.strong instead with sys.color.accent.overlay.hover,,,,,,,,,,
sys.color.fg.critical.stronger,sys,{base.palette.red.800},oklch(0.3712 0.1509 26.08 / 1),,,Use sys.color.fg.danger.default tokens instead,,,,,,,,,,
sys.color.fg.critical.soft,sys,{base.palette.red.400},oklch(0.6857 0.2037 29.76 / 1),,,Use sys.color.fg.danger.default instead,,,,,,,,,,
sys.color.fg.critical.softer,sys,{base.palette.red.200},oklch(0.8339 0.092 28.19 / 1),,,Use sys.color.fg.danger.default instead,,,,,,,,,,
sys.color.fg.muted.stronger,sys,{base.palette.slate.800},oklch(0.3685 0.0218 256.4 / 1),,,Use sys.color.fg.muted.strong instead,,,,,,,,,,
sys.color.fg.muted.soft,sys,{base.palette.slate.400},oklch(0.754 0.0181 256.33 / 1),,,Use sys.color.fg.muted.default instead,,,,,,,,,,
sys.color.fg.primary.default,sys,{base.palette.blue.600},oklch(0.5198 0.1782 256.11 / 1),,,Use sys.color.brand.fg.primary.default instead,,,,,,,,,,
sys.color.fg.primary.soft,sys,{base.palette.blue.400},oklch(0.708 0.1549 255.41 / 1),,,Use sys.color.fg.info.default or sys.color.brand.fg.primary.default instead,,,,,,,,,,
sys.color.fg.primary.softer,sys,{base.palette.blue.200},oklch(0.8627 0.0701 250.6 / 1),,,Use sys.color.fg.info.default or sys.color.brand.fg.primary.default instead,,,,,,,,,,
sys.color.fg.primary.stronger,sys,{base.palette.blue.800},oklch(0.3908 0.128 256 / 1),,,Use sys.color.brand.fg.primary.strong instead,,,,,,,,,,
sys.color.fg.primary.strong,sys,{base.palette.blue.700},oklch(0.4658 0.1562 255.5 / 1),,,Use sys.color.brand.fg.primary.strong instead,,,,,,,,,,
sys.color.fg.caution.default,sys,{base.palette.amber.900},oklch(0.32 0.098 41.19 / 1),,,Use sys.color.brand.fg.caution.default instead,,,,,,,,,,
sys.color.fg.caution.strong,sys,{base.palette.amber.950},oklch(0.2489 0.0771 40.64 / 1),,,Use sys.color.brand.fg.caution.strong instead with sys.color.accent.overlay.hover,,,,,,,,,,
sys.color.fg.caution.soft,sys,{base.palette.amber.700},oklch(0.4824 0.1353 46.11 / 1),,,Use sys.color.fg.warning.default instead,,,,,,,,,,
sys.color.fg.caution.stronger,sys,{base.palette.amber.975},oklch(0.2165 0.0674 40.35 / 1),,,Use sys.color.fg.warning.strong instead,,,,,,,,,,
sys.color.fg.caution.softer,sys,{base.palette.amber.500},oklch(0.6601 0.1537 60.7 / 1),,,Use sys.color.fg.warning.default instead,,,,,,,,,,
sys.color.fg.info.softer,sys,{base.palette.blue.200},oklch(0.8627 0.0701 250.6 / 1),,,Use sys.color.fg.ai instead,,,,,,,,,,
sys.color.fg.info.soft,sys,{base.palette.blue.400},oklch(0.708 0.1549 255.41 / 1),,,Use sys.color.fg.info.default instead,,,,,,,,,,
sys.color.fg.info.stronger,sys,{base.palette.blue.800},oklch(0.3908 0.128 256 / 1),,,Use sys.color.fg.info.strong instead,,,,,,,,,,
sys.color.fg.positive.default,sys,{base.palette.green.600},oklch(0.5069 0.1569 145.56 / 1),,,Use sys.color.brand.fg.positive.default instead,,,,,,,,,,
sys.color.fg.positive.softer,sys,{base.palette.green.200},oklch(0.8506 0.1804 149.93 / 1),,,Use sys.color.fg.success.default instead,,,,,,,,,,
sys.color.fg.positive.soft,sys,{base.palette.green.400},oklch(0.702 0.1952 148.39 / 1),,,Use sys.color.fg.success.default instead,,,,,,,,,,
sys.color.fg.positive.strong,sys,{base.palette.green.700},oklch(0.4463 0.1422 144.58 / 1),,,Use sys.color.brand.fg.positive.strong instead with sys.color.accent.overlay.hover,,,,,,,,,,
sys.color.fg.positive.stronger,sys,{base.palette.green.800},oklch(0.3955 0.1156 147.66 / 1),,,Use sys.color.brand.fg.positive.strong instead with sys.color.accent.overlay.pressed,,,,,,,,,,
sys.color.border.ai,sys,{base.palette.blue.950},oklch(0.2452 0.0752 254.55 / 1),,,Use sys.color.accent.ai instead,,,,,,,,,,
sys.color.border.input.disabled,sys,{base.palette.slate.400},oklch(0.754 0.0181 256.33 / 1),,,Use sys.color.fg.disabled instead,,,,,,,,,,
sys.color.border.input.strong,sys,{base.palette.slate.700},oklch(0.45 0.022 255.52 / 1),,,Use sys.color.border.input.hover instead,,,,,,,,,,
sys.color.border.input.inverse,sys,{base.palette.neutral.0},oklch(1 0 0 / 1),,,Use sys.color.border.inverse.default instead,,,,,,,,,,
sys.color.border.contrast.strong,sys,{base.palette.neutral.950},oklch(0.2308 0 0 / 1),,,Use sys.color.border.contrast.default instead,,,,,,,,,,
sys.color.border.critical.default,sys,{base.palette.red.500},oklch(0.6495 0.2369 30.04 / 1),,,Use sys.color.brand.border.critical instead,,,,,,,,,,
sys.color.border.caution.default,sys,{base.palette.amber.400},oklch(0.7909 0.1711 70.15 / 1),,,Use sys.color.brand.focus.caution.inner instead,,,,,,,,,,
sys.color.border.caution.strong,sys,{base.palette.amber.500},oklch(0.6601 0.1537 60.7 / 1),,,Use sys.color.brand.focus.caution.outer instead,,,,,,,,,,
sys.color.border.divider,sys,{base.palette.slate.200},oklch(0.917 0.0081 254 / 1),,,Use sys.color.border.default instead,,,,,,,,,,
sys.color.border.primary.default,sys,{base.palette.blue.500},oklch(0.6023 0.2032 255.68 / 1),,,Use sys.color.brand.border.primary instead,,,,,,,,,,
sys.color.border.container,sys,{base.palette.slate.300},oklch(0.856 0.0111 256.85 / 1),,,Use sys.color.border.strong instead,,,,,,,,,,
sys.color.shadow.1,sys,{sys.color.shadow.base},oklch(0.3057 0.079 256.22 / 0.13),,,Use sys.color.shadow.base instead,,,,,,,,,,
sys.color.shadow.2,sys,{sys.color.shadow.ambient},oklch(0.3337 0.0688 250.79 / 0.09),,,Use sys.color.shadow.ambient instead,,,,,,,,,,
sys.color.shadow.default,sys,{sys.color.shadow.base},oklch(0.3057 0.079 256.22 / 0.13),,,Use sys.color.shadow.base instead,,,,,,,,,,
sys.color.static.gold.stronger,sys,{base.palette.amber.600},oklch(0.5505 0.1439 50.78 / 1),,,replace static.gold.stronger with {sys.color.static.amber.stronger}. Prefer to replace with `sys.color.bg.caution.stronger` if used as a background color.,,,,,,,,,,
sys.color.static.orange.default,sys,{base.palette.amber.400},oklch(0.7909 0.1711 70.15 / 1),,,replace static.orange.default with {sys.color.static.amber.default}. Prefer to replace with `sys.color.bg.caution.default` if used as a background color.,,,,,,,,,,
sys.color.static.orange.soft,sys,{base.palette.amber.100},oklch(0.9567 0.0948 100.22 / 1),,,replace static.orange.soft with {sys.color.static.amber.soft}. Prefer to replace with `sys.color.bg.caution.soft` if used as a background color.,,,,,,,,,,
sys.color.static.orange.strong,sys,{base.palette.amber.500},oklch(0.6601 0.1537 60.7 / 1),,,replace static.orange.strong with {sys.color.static.amber.strong}. Prefer to replace with `sys.color.bg.caution.strong` if used as a background color.,,,,,,,,,,
sys.color.static.blue.default,sys,{base.palette.blue.600},oklch(0.5198 0.1782 256.11 / 1),,,Use sys.color.accent.info instead,,,,,,,,,,
sys.color.static.blue.softest,sys,{base.palette.blue.25},oklch(0.969 0.0155 248.07 / 1),,,Use palette.blue tokens directly instead,,,,,,,,,,
sys.color.static.blue.strong,sys,{base.palette.blue.700},oklch(0.4658 0.1562 255.5 / 1),,,Use palette.blue tokens directly instead,,,,,,,,,,
sys.color.static.blue.stronger,sys,{base.palette.blue.800},oklch(0.3908 0.128 256 / 1),,,Use palette.blue tokens directly instead,,,,,,,,,,
sys.color.static.blue.softer,sys,{base.palette.blue.50},oklch(0.9523 0.0239 248.12 / 1),,,Use palette.blue tokens directly instead,,,,,,,,,,
sys.color.static.blue.soft,sys,{base.palette.blue.100},oklch(0.928 0.0359 250.6 / 1),,,Use palette.blue tokens directly instead,,,,,,,,,,
sys.color.static.blue.strongest,sys,{base.palette.blue.950},oklch(0.2452 0.0752 254.55 / 1),,,Use palette.blue tokens directly instead,,,,,,,,,,
sys.color.static.green.default,sys,{base.palette.green.600},oklch(0.5069 0.1569 145.56 / 1),,,Use palette.green tokens directly instead,,,,,,,,,,
sys.color.static.green.soft,sys,{base.palette.green.100},oklch(0.9278 0.1024 149.88 / 1),,,Use palette.green tokens directly instead,,,,,,,,,,
sys.color.static.green.strong,sys,{base.palette.green.700},oklch(0.4463 0.1422 144.58 / 1),,,Use palette.green tokens directly instead,,,,,,,,,,
sys.color.static.green.softer,sys,{base.palette.green.50},oklch(0.9655 0.0561 149.93 / 1),,,Use palette.green tokens directly instead,,,,,,,,,,
sys.color.static.green.stronger,sys,{base.palette.green.800},oklch(0.3955 0.1156 147.66 / 1),,,Use palette.green tokens directly instead,,,,,,,,,,
sys.color.static.green.softest,sys,{base.palette.green.25},oklch(0.9824 0.0282 148.77 / 1),,,Use palette.green tokens directly instead,,,,,,,,,,
sys.color.static.green.strongest,sys,{base.palette.green.950},oklch(0.2548 0.0796 145.23 / 1),,,Use palette.green tokens directly instead,,,,,,,,,,
sys.color.static.red.default,sys,{base.palette.red.600},oklch(0.5342 0.2172 29.53 / 1),,,Use palette.red tokens directly instead,,,,,,,,,,
sys.color.static.red.soft,sys,{base.palette.red.100},oklch(0.9225 0.0394 25.51 / 1),,,Use palette.red tokens directly instead,,,,,,,,,,
sys.color.static.red.strong,sys,{base.palette.red.700},oklch(0.4517 0.1847 28.2 / 1),,,Use palette.red tokens directly instead,,,,,,,,,,
sys.color.static.red.stronger,sys,{base.palette.red.800},oklch(0.3712 0.1509 26.08 / 1),,,Use palette.red tokens directly instead,,,,,,,,,,
sys.color.static.red.softest,sys,{base.palette.red.25},oklch(0.9667 0.0163 21.82 / 1),,,Use palette.red tokens directly instead,,,,,,,,,,
sys.color.static.red.strongest,sys,{base.palette.red.950},oklch(0.2318 0.0937 24.02 / 1),,,Use palette.red tokens directly instead,,,,,,,,,,
sys.color.static.red.softer,sys,{base.palette.red.50},oklch(0.9533 0.0231 23.95 / 1),,,Use palette.red tokens directly instead,,,,,,,,,,
sys.color.static.white,sys,{base.palette.neutral.0},oklch(1 0 0 / 1),,,Use palette.neutral.0 directly instead,,,,,,,,,,
sys.color.static.black,sys,{base.palette.neutral.1000},oklch(0 0 0 / 1),,,Use palette.neutral.1000 directly instead,,,,,,,,,,
sys.color.static.gray.default,sys,{base.palette.slate.600},oklch(0.5103 0.0255 256.8 / 1),,,Use palette.slate tokens directly instead,,,,,,,,,,
sys.color.static.gray.soft,sys,{base.palette.slate.200},oklch(0.917 0.0081 254 / 1),,,Use palette.slate tokens directly instead,,,,,,,,,,
sys.color.static.gray.strong,sys,{base.palette.slate.700},oklch(0.45 0.022 255.52 / 1),,,Use palette.slate tokens directly instead,,,,,,,,,,
sys.color.static.gray.stronger,sys,{base.palette.slate.800},oklch(0.3685 0.0218 256.4 / 1),,,Use palette.slate tokens directly instead,,,,,,,,,,
sys.color.static.gray.strongest,sys,{base.palette.slate.950},oklch(0.2453 0.0136 253.1 / 1),,,Use palette.slate tokens directly instead,,,,,,,,,,
sys.color.static.gray.softest,sys,{base.palette.slate.50},oklch(0.9692 0.0035 248.23 / 1),,,Use palette.slate tokens directly instead,,,,,,,,,,
sys.color.static.gray.softer,sys,{base.palette.slate.100},oklch(0.9447 0.0053 248.12 / 1),,,Use palette.slate tokens directly instead,,,,,,,,,,
sys.color.static.amber.default,sys,{base.palette.amber.400},oklch(0.7909 0.1711 70.15 / 1),,,Use sys.color.accent.warning token instead,,,,,,,,,,
sys.color.static.amber.softest,sys,{base.palette.amber.25},oklch(0.9779 0.0214 95.33 / 1),,,Use sys.color.accent.warning instead,,,,,,,,,,
sys.color.static.amber.strong,sys,{base.palette.amber.500},oklch(0.6601 0.1537 60.7 / 1),,,Use sys.color.accent.warning instead,,,,,,,,,,
sys.color.static.amber.stronger,sys,{base.palette.amber.600},oklch(0.5505 0.1439 50.78 / 1),,,Use sys.color.accent.warning instead,,,,,,,,,,
sys.color.static.amber.softer,sys,{base.palette.amber.50},oklch(0.969 0.0619 101.63 / 1),,,Use palette.amber tokens directly instead,,,,,,,,,,
sys.color.static.amber.strongest,sys,{base.palette.amber.950},oklch(0.2489 0.0771 40.64 / 1),,,Use sys.color.fg.warning.strong instead,,,,,,,,,,
sys.color.static.amber.soft,sys,{base.palette.amber.100},oklch(0.9567 0.0948 100.22 / 1),,,Use sys.color.surface.warning.strong instead,,,,,,,,,,